Con,WL1,WL2,WL3,WL4,WL5,WL6,WL7,WL8,WL9,WL10,WL11,WL12,WL13,WL14,WL15,WL16,WL17,WL18,WL19,WL20,WL21,WL22,WL23,WL24,WL25,WL26,WL27,WL28,WL29,WL30,WL31,WL32,WL33,WL34,WL35,WL36,WL37,WL38,WL39,WL40,WL41,WL42,WL43,WL44,WL45,WL46,WL47,WL48,WL49,WL50,WL51,WL52,WL53,WL54,WL55,WL56,WL57,WL58,WL59,WL60,WL61,WL62,WL63,WL64,WL65,WL66,WL67,WL68,WL69,WL70,WL71,WL72,WL73,WL74,WL75,WL76,WL77,WL78,WL79,WL80,WL81,WL82,WL83,WL84,WL85,WL86,WL87,WL88,WL89,WL90,WL91,WL92,WL93,WL94,WL95,WL96,WL97,WL98,WL99,WL100,WL101,WL102,WL103,WL104,WL105,WL106,WL107,WL108,WL109,WL110,WL111,WL112,WL113,WL114,WL115,WL116,WL117,WL118,WL119,WL120,WL121,WL122,WL123,WL124,WL125,WL126,WL127,WL128,WL129,WL130,WL131,WL132,WL133,WL134,WL135,WL136,WL137,WL138,WL139,WL140,WL141,WL142,WL143,WL144,WL145,WL146,WL147,WL148,WL149,WL150,WL151,WL152,WL153,WL154,WL155,WL156,WL157,WL158,WL159,WL160,WL161,WL162,WL163,WL164,WL165,WL166,WL167,WL168,WL169,WL170,WL171,WL172,WL173,WL174,WL175,WL176,WL177,WL178,WL179,WL180,WL181,WL182,WL183,WL184,WL185,WL186,WL187,WL188,WL189,WL190,WL191,WL192,WL193,WL194,WL195,WL196,WL197,WL198,WL199,WL200,WL201,WL202,WL203,WL204,WL205,WL206,WL207,WL208,WL209,WL210,WL211,WL212,WL213,WL214,WL215,WL216,WL217,WL218,WL219,WL220,WL221,WL222,WL223,WL224,WL225,WL226,WL227,WL228,WL229,WL230,WL231,WL232,WL233,WL234,WL235,WL236,WL237,WL238,WL239,WL240,WL241
33.62,79.24,79.3,79.71,79.14,79.46,78.98,79.5,79.08,78.12,78.53,77.82,77.48,77.17,75.94,74.64,74.02,73.6,73.31,73.39,72.82,73.3,73.44,73.38,72.74,73.06,73,72.8,72.63,72.47,72.07,71.61,71.64,71.08,70.79,70.3,69.87,69.57,69.11,69.12,68.86,68.74,68.34,67.97,68,67.6,67.04,66.62,65.97,65.63,65.13,64.9,64.37,64.24,64.1,64.16,63.77,63.7,63.61,63.59,63.66,63.53,63.52,63.47,63.22,63.26,63.17,63.07,63.02,63.15,63.32,63.35,63.38,63.59,63.59,63.7,64.02,64.14,64.29,64.53,64.71,64.78,64.79,64.97,64.98,64.9,65.12,65.2,65.07,65.08,65.17,65.22,65.25,65.2,65.26,65.45,65.55,65.79,66.03,66.22,66.4,66.59,66.96,67.11,67.33,67.45,67.78,68.01,68.09,68.15,68.35,68.62,68.68,68.62,68.77,68.91,68.95,68.84,68.82,68.86,69.07,69.11,68.95,68.98,69.16,69.27,69.25,69.34,69.39,69.62,69.67,69.65,69.68,69.67,69.8,69.91,69.98,70.05,70.1,70.2,70.38,70.36,70.41,70.59,70.69,70.75,70.76,70.85,70.95,71.02,71.14,71.33,71.36,71.53,71.62,71.69,71.84,71.92,71.94,72.03,72.07,72.2,72.25,72.29,72.23,72.25,72.31,72.38,72.51,72.52,72.52,72.48,72.61,72.62,72.7,72.72,72.6,72.48,72.41,72.42,72.4,72.38,72.36,72.23,72.1,71.97,71.95,71.95,71.98,71.94,71.88,72.03,71.98,72.06,72.14,72.24,72.3,72.34,72.41,72.41,72.42,72.46,72.39,72.41,72.6,72.49,72.52,72.47,72.65,72.74,72.71,72.89,72.76,72.81,72.74,72.9,72.95,72.97,73.03,73.08,73.28,73.33,73.41,73.44,73.41,73.22,73.3,73.3,73.22,73.18,73.19,73.09,72.87,73.08,73.25,73.3,73.32,73.43,73.4,73.61,73.97,74.14
31.58,50.22,48.75,48.12,45.36,45.78,44.57,43.63,42.68,40.29,41.17,39.79,38.02,37.07,35.43,33.81,32.96,31.2,31.4,31.47,30.06,30.82,30.49,30.53,30.07,29.43,29.61,29.03,28.52,28.6,27.52,27.37,27.99,27.08,27.29,26.83,25.81,25.87,25.65,24.99,24.47,24.42,24.25,23.8,23.32,23.09,22.62,22.39,22.15,21.9,21.64,21.69,21.33,21.16,21.18,21.26,20.96,21.12,20.95,20.87,20.9,20.93,21,20.89,20.87,20.76,20.87,20.88,20.76,21.01,20.82,20.72,20.86,20.8,20.74,20.72,20.75,20.77,20.75,20.86,20.96,20.86,20.94,21.06,21.09,21.04,21.13,21.19,21.15,21.15,21.32,21.36,21.34,21.4,21.46,21.46,21.47,21.5,21.59,21.68,21.6,21.63,21.73,21.73,21.7,21.66,21.85,21.89,21.84,21.82,21.81,21.98,22,21.87,21.86,22.08,22.06,21.98,22.03,22.13,22.26,22.26,22.2,22.22,22.35,22.41,22.34,22.36,22.43,22.65,22.69,22.56,22.49,22.55,22.66,22.71,22.7,22.72,22.75,22.82,22.86,22.88,22.87,22.91,22.96,22.96,22.85,22.9,23.01,23.11,23.1,23.08,23.08,23.1,23.16,23.18,23.15,23.11,23.1,23.08,23.16,23.14,23.1,23.17,23.12,23.19,23.29,23.26,23.28,23.28,23.3,23.29,23.33,23.38,23.39,23.36,23.44,23.45,23.48,23.56,23.53,23.59,23.6,23.58,23.54,23.54,23.62,23.69,23.73,23.8,23.76,23.8,23.88,23.92,23.95,24.1,24.04,24.13,24.11,24.11,24.14,24.13,24.19,24.24,24.17,24.38,24.34,24.42,24.7,24.69,24.76,24.93,25.01,25.08,25.17,25.19,25.29,25.35,25.51,25.62,25.73,25.88,25.9,25.99,26.38,26.34,26.71,26.94,26.86,27.16,27.33,27.42,27.48,27.57,27.72,27.86,28.02,28.28,28.15,28.4,28.99,28.96
32.6,43.61,43.35,41.85,39.43,39.7,38.13,37.11,36.85,34.34,34.71,33.24,31.03,30.53,28.83,27.16,26.19,24.94,24.64,24.24,23.2,23.86,24.03,24.19,23.67,23.11,23.4,22.56,21.87,21.83,21.08,21.02,21.3,20.58,20.44,20.26,19.63,19.53,19.06,18.36,18.14,17.87,17.64,17.36,16.9,16.49,16.36,16.15,15.8,15.68,15.33,15.53,14.81,14.92,14.68,14.73,14.38,14.28,14.19,14.18,13.83,13.97,13.92,13.59,13.65,13.51,13.65,13.6,13.52,13.61,13.5,13.45,13.42,13.57,13.52,13.53,13.73,13.63,13.69,13.91,13.76,13.86,13.99,13.99,14.08,14.08,14.21,14.16,14.24,14.36,14.41,14.36,14.43,14.52,14.5,14.44,14.48,14.71,14.68,14.7,14.77,14.88,14.85,14.73,14.89,14.91,14.95,14.92,14.97,15.05,15.01,15.05,15.02,15.08,15.09,15.13,15.08,15.15,15.26,15.29,15.33,15.33,15.42,15.52,15.49,15.45,15.42,15.57,15.7,15.63,15.63,15.64,15.82,15.8,15.79,15.77,15.81,15.89,15.91,15.95,15.94,16.03,16.07,15.95,16,15.91,15.94,16.16,16.13,16.17,16.19,16.23,16.23,16.27,16.24,16.21,16.24,16.27,16.3,16.28,16.27,16.17,16.16,16.28,16.26,16.3,16.34,16.3,16.28,16.34,16.39,16.38,16.38,16.43,16.37,16.43,16.47,16.56,16.61,16.6,16.56,16.6,16.67,16.65,16.68,16.69,16.71,16.75,16.74,16.89,16.85,16.87,16.92,16.97,16.96,17.05,17,17.09,17.09,17.05,17.21,17.15,17.11,17.2,17.08,17.21,17.36,17.41,17.58,17.68,17.62,17.71,17.78,17.85,17.93,17.97,18.01,18.14,18.19,18.15,18.33,18.3,18.33,18.34,18.68,18.65,18.76,19.02,18.83,19.19,19.43,19.55,19.79,19.69,20.21,20.55,20.55,20.95,20.77,21.11,21.95,21.99
30.56,39.96,38.6,37.73,36.39,35.5,34.22,33.36,32.77,31.68,30.25,29.65,28.31,27.68,25.95,24.37,23.48,22.17,21.59,21.49,20.96,20.99,21.49,21.17,20.7,20.61,20.29,19.98,19.94,19.49,18.82,18.5,19.14,18.4,18.29,18.13,17.53,17.39,17.13,16.66,16.53,16.1,16.16,15.81,15.41,15.24,14.92,14.71,14.65,14.34,14.1,14.29,13.83,13.74,13.59,13.58,13.39,13.4,13.33,13.4,13.24,13.26,13.29,13.27,13.17,13.26,13.35,13.27,13.54,13.54,13.53,13.47,13.6,13.65,13.52,13.68,13.76,13.71,13.82,13.89,13.89,13.83,13.87,14.1,13.99,14.07,14.25,14.22,14.23,14.31,14.48,14.56,14.51,14.6,14.8,14.82,14.75,14.91,15.09,15.14,15.04,15.1,15.33,15.3,15.26,15.32,15.49,15.61,15.56,15.46,15.58,15.76,15.75,15.65,15.65,15.91,16.02,15.91,15.88,15.99,16.18,16.3,16.12,16.12,16.27,16.46,16.5,16.43,16.43,16.54,16.73,16.77,16.76,16.65,16.81,16.96,17.01,17.06,17.02,17.16,17.27,17.29,17.34,17.41,17.49,17.65,17.59,17.64,17.69,17.78,17.87,17.89,17.94,17.97,17.97,18.01,18.1,18.12,18.09,18.1,18.13,18.16,18.22,18.28,18.27,18.25,18.3,18.32,18.38,18.47,18.47,18.51,18.49,18.51,18.54,18.62,18.68,18.72,18.71,18.74,18.76,18.81,18.89,18.94,18.94,18.99,18.99,19.03,19.12,19.21,19.26,19.34,19.45,19.45,19.47,19.56,19.62,19.63,19.76,19.77,19.82,19.81,19.77,19.8,19.88,19.99,20.06,20.12,20.27,20.3,20.34,20.38,20.5,20.51,20.62,20.6,20.81,20.75,20.83,20.94,21.06,21.15,21.44,21.39,21.77,21.82,21.99,22.09,22.07,22.27,22.37,22.52,22.51,22.78,22.77,22.8,23.05,23.29,23.24,23.31,23.84,23.94
28.52,27.82,27.94,26.78,25.11,25.15,22.96,21.92,22.28,20.3,20.51,19.32,17.67,17.34,16.22,15.1,14.37,12.97,13.2,12.26,11.97,12.57,12.02,12.02,12.12,11.37,11.47,11.34,10.59,10.84,10.08,9.94,10.66,9.95,10.07,9.94,9.28,9.15,8.93,8.68,8.31,8.06,8.05,7.69,7.5,7.5,7.24,7.07,7.05,6.86,6.7,6.74,6.47,6.49,6.51,6.57,6.3,6.2,6.24,6.22,6.19,6.14,6.17,6.03,6.16,6.11,6.11,6.17,6.22,6.23,6.11,6.11,6.23,6.28,6.26,6.22,6.22,6.3,6.26,6.29,6.35,6.35,6.44,6.49,6.57,6.58,6.7,6.74,6.69,6.83,6.89,6.98,6.97,7.02,7.15,7.16,7.24,7.36,7.45,7.47,7.5,7.54,7.64,7.68,7.66,7.7,7.79,7.9,7.91,7.92,7.95,8.02,7.99,7.98,8.02,8.11,8.17,8.12,8.08,8.17,8.31,8.29,8.27,8.3,8.36,8.5,8.53,8.54,8.54,8.6,8.71,8.67,8.69,8.71,8.77,8.88,8.94,8.93,8.96,9.07,9.11,9.19,9.19,9.26,9.32,9.42,9.37,9.45,9.44,9.53,9.57,9.65,9.65,9.7,9.76,9.74,9.8,9.81,9.87,9.88,9.89,9.92,9.94,9.99,10,10.01,10.03,10.02,10.07,10.11,10.13,10.14,10.16,10.25,10.27,10.32,10.39,10.36,10.39,10.4,10.45,10.56,10.55,10.58,10.64,10.63,10.67,10.74,10.73,10.87,10.84,10.91,10.91,10.94,10.98,11.04,11.07,11.23,11.14,11.2,11.23,11.2,11.23,11.3,11.24,11.34,11.37,11.41,11.55,11.52,11.56,11.52,11.62,11.62,11.55,11.55,11.6,11.66,11.73,11.72,11.79,11.75,11.93,11.86,12.17,12.04,12.24,12.27,12.29,12.47,12.64,12.82,12.93,12.93,13,13.36,13.38,13.72,13.48,13.79,14.24,14.18
28.73,32.9,31.2,30.76,29.06,29.04,27.81,26.57,26.19,24.84,24.27,23.61,22.41,21.88,20.15,18.92,17.95,17.11,17.15,17.33,16.56,16.88,16.81,16.65,16.44,15.96,15.76,15.57,15.38,15.23,14.93,14.77,14.92,14.37,13.92,13.65,13.38,13.16,12.83,12.74,12.3,12.04,11.92,11.67,11.23,11.3,11.07,10.74,10.57,10.26,10.17,10.15,9.9,9.85,9.7,9.65,9.48,9.32,9.32,9.33,9.34,9.19,9.16,9.08,9.06,9.05,8.93,8.85,8.85,8.96,8.96,8.96,8.87,8.88,8.89,8.91,8.86,8.97,9.05,9.13,9.13,9.07,9.18,9.22,9.31,9.36,9.44,9.4,9.43,9.57,9.64,9.6,9.72,9.78,9.78,9.82,9.89,9.99,10.01,10.03,10.07,10.11,10.18,10.17,10.17,10.22,10.29,10.3,10.25,10.29,10.34,10.36,10.32,10.33,10.35,10.35,10.32,10.29,10.35,10.43,10.49,10.43,10.45,10.51,10.55,10.56,10.57,10.61,10.67,10.69,10.64,10.62,10.63,10.69,10.72,10.75,10.77,10.83,10.89,10.94,10.96,11,11.04,11.1,11.14,11.06,11,11.04,11.03,11.08,11.1,11.17,11.17,11.17,11.22,11.18,11.18,11.22,11.17,11.12,11.13,11.13,11.12,11.18,11.17,11.18,11.25,11.2,11.16,11.19,11.26,11.23,11.23,11.27,11.27,11.28,11.34,11.4,11.39,11.45,11.48,11.48,11.48,11.44,11.48,11.54,11.6,11.69,11.74,11.79,11.78,11.82,11.93,12.02,12.06,12.09,12.15,12.16,12.07,12.06,12.16,12.16,12.16,12.23,12.23,12.25,12.26,12.26,12.41,12.44,12.49,12.58,12.54,12.56,12.6,12.76,12.7,12.75,12.92,13.07,13.16,13.28,13.2,13.34,13.52,13.59,13.83,13.95,14.01,14.28,14.46,14.53,14.72,14.92,15.22,15.36,15.66,15.88,15.93,16.34,16.85,16.98
30.56,79.08,76.49,78.81,75.1,73,73.79,73.38,70.83,68.26,67.96,64.68,67.97,65.2,64.93,63.39,63.92,62.9,61.82,61.89,63.3,61.44,60.32,60.67,59.65,58.89,57.93,57.05,56.05,56.68,55.06,54.53,54,53.47,52.2,51.71,51.92,51.29,51.98,52.13,51.21,51.17,51.14,50.72,50.79,50.03,50.9,50.39,50.2,50.2,49.66,50,50.17,49.94,49.83,49.91,49.88,49.61,49.38,49.33,49.34,49.33,49.29,49.17,48.84,48.68,48.69,48.78,49.26,48.76,48.93,48.85,48.83,48.49,48.42,48.25,48.27,48.44,48.44,48.39,48.55,48.5,48.61,48.71,48.58,48.63,48.89,48.82,48.73,48.83,49.01,48.87,48.83,48.93,49.13,48.94,49.15,49.45,49.6,49.57,49.52,49.8,49.98,49.73,49.88,50.14,50.21,50.05,50,49.83,49.99,49.94,49.91,49.95,49.96,50.05,49.85,49.8,49.93,50.06,50.17,49.98,49.96,50.05,50.1,49.97,49.93,50.1,50.41,50.55,50.49,50.51,50.62,50.56,50.83,50.82,50.72,50.92,51.16,51.17,51.34,51.42,51.45,51.33,51.36,51.48,51.47,51.69,51.93,51.9,51.95,51.89,51.86,51.74,51.75,51.68,51.57,51.58,51.59,51.48,51.41,51.31,51.33,51.27,51.39,51.26,51.31,51.3,51.24,51.24,51.1,51.25,51.18,51.11,51.2,51.2,51.09,51.28,51.4,51.5,51.69,51.74,51.69,52,52.07,52.17,52.28,52.55,52.58,52.76,52.84,53.14,53.05,53.29,53.38,53.28,53.37,53.35,53.35,53.22,53.42,53.17,53.24,53.06,53.35,53.21,53.1,53.16,53.3,53.48,53.44,53.85,53.85,54.06,54.01,54.28,54.54,54.97,55.38,55.5,56.18,56.08,56.48,56.78,56.86,57.34,57.86,58.03,58.3,58.74,59.23,59.47,59.99,60.57,61.23,61.88,62.82,62.91,63.99,64.22,64.46,65.95
30.36,107.86,108.05,100.99,110.67,102.04,111.88,106.93,110.74,103.27,103.05,98.93,98.9,98.59,97.66,95.04,98.97,98.4,96.73,93.59,97.12,94.41,94.47,95.48,96.41,92.03,91.89,91.07,93.02,91.62,87.01,89.23,86.02,86.35,86.6,84.19,86.3,85.55,86.16,86.46,87.36,86.41,84,84.83,85.47,84.35,84.19,84.62,82.88,83.01,82.46,81.45,84.25,82.85,82.6,81.21,82.25,82.41,81.59,82.94,82.12,81.93,81.95,81.77,80.63,82.02,82.25,81.74,82.08,82.03,81.48,80.98,81.94,80.74,80.64,82.35,82.5,80.29,81.95,82.74,83.2,82.54,83.09,83.24,82.95,82.58,83.39,83.23,83.63,83.1,84.52,83.98,84.71,83.9,84.43,85.03,84.78,85.19,85.66,85.75,85.62,86.24,86.05,85.97,86.44,85.79,86.86,87.37,86.73,86.7,87.25,87.82,86.43,86.55,86.96,87.32,86.9,86.96,86.33,87.68,87.92,87.54,86.56,86.96,88.21,87.97,87.6,87.53,87.77,89.52,89.25,88.29,88.07,89.29,89.28,88.81,89.9,89.53,89.7,90.04,91.67,90.72,90.99,90.69,90.69,91.22,91.37,91.98,91.73,92.18,92.34,91.87,91.92,91.55,92.09,92.01,92.47,91.65,91.53,91.61,90.76,91.69,91.54,90.77,91.08,90.95,90.51,90.91,91.72,91.21,90.79,91.44,91.13,91.03,91.29,90.85,91.29,91.09,91.31,91.61,91.96,92.52,92.44,92.21,92.7,93.21,93.91,93.97,94.39,94.01,94.15,95.42,94.21,94.84,94.91,94.72,95.43,95.41,95.26,94.69,95.7,94.16,94.84,94.9,94.9,94.62,95.23,95.68,94.43,94.29,95.43,95.81,96.76,96.98,96.04,97.87,98.88,98.19,98.8,98.9,100.3,100.63,101.28,102.2,101.19,102.79,102.48,103.06,105.19,104.42,106,107.43,107.4,107.67,110.21,111.82,111.72,110.94,115.48,114.99,113.87,116.16
28.32,46.1,43.86,42.35,40.02,38.47,38.01,36.18,36,34.19,33.07,31.9,30.83,29.54,28.14,26.89,25.77,24.91,23.9,23.14,22.99,22.9,22.82,23.43,22.57,22.21,22.01,21.7,21.89,21.66,21.72,21.22,21.92,21.51,21.45,20.94,20.71,20.39,20.77,20.52,20.24,20.2,20.02,20.05,19.53,19.36,19.34,19.27,19.31,19.13,19.08,19.34,19.56,19.6,19.55,19.72,19.68,19.74,19.76,19.92,19.98,20.24,20.35,20.38,20.29,20.42,20.53,20.66,20.64,20.92,21.2,21.28,21.31,21.64,21.84,22.06,22.24,22.26,22.59,22.74,22.88,23.17,23.19,23.28,23.56,23.59,23.77,23.97,24.23,24.28,24.35,24.62,24.85,24.82,24.95,25.17,25.36,25.37,25.47,25.58,25.81,25.95,26.02,26.15,26.28,26.24,26.4,26.56,26.7,26.73,26.88,26.98,27.01,27.11,27.12,27.27,27.4,27.51,27.61,27.7,27.82,27.92,28.03,28.12,28.19,28.31,28.38,28.43,28.57,28.73,28.81,28.9,28.91,28.96,29.09,29.19,29.31,29.47,29.49,29.75,29.76,29.93,30.04,30.06,30.11,30.34,30.37,30.41,30.6,30.66,30.66,30.7,30.84,30.77,30.8,30.9,30.95,31,30.96,31.03,30.97,31.09,31,31.15,31.18,31.18,31.2,31.2,31.39,31.31,31.41,31.56,31.5,31.65,31.61,31.64,31.7,31.74,31.72,31.86,31.87,31.93,31.99,31.99,31.97,31.96,31.96,32.04,31.96,32.1,31.97,31.92,31.93,32.03,32.08,32.1,32.04,32.12,32.05,32.02,32.12,32.05,32.11,32.01,32.06,32.1,32.1,32.04,32.01,31.95,32.01,32.08,32.07,32.09,32.11,32.14,32.31,32.15,32.44,32.56,32.59,32.56,32.88,32.74,32.63,32.96,32.79,33.11,33.45,33.41,33.49,33.53,33.51,33.41,33.36,33.9,33.86,34.02,34.35,34.59,34.71,34.54
27.5,30.44,29.2,28.08,26.61,25.96,24.77,23.34,22.57,21.25,20.87,20.17,18.73,18,16.89,16.13,15.58,14.45,14.09,13.95,13.39,13.48,13.6,13.07,12.88,12.37,12.41,12.01,11.69,11.94,11.46,11.08,11.65,10.87,10.74,10.95,10.25,10.49,10.28,9.83,9.92,9.83,9.74,9.69,9.64,9.68,9.55,9.54,9.62,9.22,9.27,9.38,9.39,9.38,9.49,9.74,9.72,9.62,9.79,9.65,9.8,9.93,9.92,10.18,10.31,10.24,10.36,10.46,10.64,10.84,10.8,10.89,10.89,10.95,11.05,11.26,11.25,11.48,11.45,11.63,11.77,11.81,11.88,12.13,12.11,12.2,12.38,12.44,12.44,12.59,12.71,12.73,12.83,12.85,12.99,13.07,13.18,13.22,13.31,13.37,13.41,13.53,13.57,13.66,13.69,13.73,13.76,13.91,13.91,13.99,13.94,14,14.11,14.15,14.2,14.26,14.33,14.33,14.46,14.54,14.5,14.52,14.54,14.64,14.66,14.76,14.81,14.76,14.88,14.92,15.01,15.05,15.06,15.08,15.24,15.24,15.38,15.34,15.43,15.58,15.6,15.73,15.66,15.78,15.79,15.82,15.83,15.92,15.95,16.08,16.11,16.12,16.19,16.2,16.29,16.36,16.35,16.42,16.43,16.37,16.51,16.49,16.57,16.59,16.57,16.68,16.74,16.79,16.77,16.82,16.94,16.88,16.98,17.06,17.08,17.09,17.23,17.26,17.31,17.39,17.37,17.49,17.52,17.53,17.59,17.61,17.6,17.63,17.67,17.68,17.7,17.66,17.71,17.73,17.73,17.79,17.73,17.87,17.85,17.78,17.85,17.8,17.89,17.87,17.78,17.87,17.86,17.91,17.89,17.98,17.98,17.96,17.95,17.93,17.9,17.9,17.86,17.87,18.02,17.87,17.83,18.02,17.88,17.77,17.99,17.96,18.1,18.26,18.22,18.38,18.31,18.3,18.35,18.42,18.61,18.6,18.5,18.81,18.7,18.68,19.06,18.76
29.54,57.7,58.96,58.19,54.9,54.07,53.78,51.56,50.88,50.12,49.37,47.29,46.36,45.12,43.86,42.95,42.46,40.51,40.23,40.18,39.86,40,40.77,40.51,40.52,39.87,39.51,39.53,39.61,39.33,38.95,38.71,38.85,38.08,37.87,37.49,37.3,36.99,37.01,36.51,36.24,36.14,35.61,35.3,35.11,34.83,34.53,34.49,34.44,34.21,34.39,34.29,33.87,33.77,34.02,33.87,33.82,33.93,33.8,33.76,33.72,33.91,33.88,33.66,33.48,33.5,33.63,33.6,33.66,34.01,34.02,33.9,34.08,33.96,34.07,34.15,34.17,34.16,34.39,34.43,34.44,34.51,34.55,34.67,34.83,34.88,34.94,34.87,34.96,35.17,35.27,35.27,35.33,35.55,35.54,35.53,35.54,35.65,35.93,35.93,35.94,36.14,36.17,36.2,36.35,36.53,36.52,36.57,36.64,36.79,36.87,36.88,36.88,36.98,37.01,37.14,37.06,37.19,37.33,37.41,37.39,37.48,37.47,37.6,37.64,37.59,37.49,37.64,37.97,38.17,38.25,38.15,38.12,38.3,38.47,38.41,38.51,38.59,38.66,38.68,38.78,38.82,38.75,38.72,38.76,38.84,38.99,39.28,39.45,39.43,39.39,39.38,39.42,39.41,39.43,39.41,39.43,39.38,39.43,39.46,39.49,39.51,39.55,39.57,39.62,39.64,39.74,39.76,39.72,39.8,39.89,39.99,39.96,40.09,40.02,40.11,40.26,40.3,40.41,40.49,40.57,40.6,40.68,40.73,40.8,40.97,41.05,40.99,41.09,41.13,41.23,41.28,41.43,41.49,41.39,41.49,41.46,41.43,41.42,41.34,41.42,41.45,41.56,41.52,41.59,41.67,41.52,41.64,41.76,41.76,41.89,41.82,41.85,41.97,42.11,42.25,42.52,42.69,42.69,42.98,43.12,43.22,43.41,43.47,43.76,43.81,44.04,44.41,44.79,44.88,45.01,45.44,45.92,46.19,46.38,46.55,46.81,46.69,46.73,47.16,47.44,47.39
30.56,42.86,42.14,41.29,39.06,39.41,37.36,35.98,35.1,33.3,32.14,31.63,29.72,29.51,28.08,26.74,26.34,24.5,23.78,24.18,23.33,23.85,23.42,23.75,23.92,23.4,23.58,23.06,22.09,22.66,22.51,22,22.41,22.27,22.01,22.12,21.71,21.52,21.38,21.21,21.17,20.91,20.73,20.66,20.32,20.42,20.1,20.16,20.28,20.02,19.99,20.19,19.97,20.03,20.23,19.93,20.02,20.17,20.03,20.07,20.05,19.99,20.07,20.2,20.15,20.23,20.4,20.55,20.8,20.63,21.04,21.03,21.05,21.37,21.23,21.58,21.54,21.59,21.84,21.98,22.02,22.2,22.31,22.35,22.56,22.68,22.84,22.9,23,23.1,23.26,23.41,23.4,23.49,23.67,23.63,23.77,24.06,24.06,24.14,24.3,24.36,24.48,24.53,24.58,24.77,24.85,24.85,24.85,25.06,25.17,25.09,25.11,25.2,25.34,25.39,25.35,25.47,25.57,25.69,25.83,25.75,25.96,26.09,26.07,26.14,26.18,26.23,26.41,26.65,26.62,26.67,26.74,26.91,27.01,27.1,27.13,27.28,27.32,27.44,27.57,27.62,27.61,27.7,27.77,27.83,28,28.21,28.27,28.31,28.33,28.34,28.44,28.39,28.53,28.59,28.55,28.57,28.57,28.65,28.69,28.68,28.68,28.74,28.89,28.93,28.95,29.04,29.01,29.03,29.08,29.18,29.2,29.27,29.31,29.29,29.39,29.48,29.58,29.65,29.76,29.74,29.82,29.77,29.83,29.83,29.89,30.02,30.05,30.05,30.07,30.1,30.14,30.17,30.27,30.29,30.24,30.27,30.34,30.31,30.48,30.38,30.35,30.48,30.47,30.47,30.52,30.52,30.75,30.7,30.76,30.73,30.82,30.85,30.91,30.81,31.08,31.16,31.19,31.45,31.32,31.46,31.48,31.52,31.62,31.95,32.09,32.16,32.31,32.39,32.51,32.85,32.89,33.12,33.03,33.2,33.27,33.25,33.57,33.68,34.17,34.24
31.58,42.33,41.7,39.57,37.21,36.83,35.35,33.57,32.48,30.65,29.44,28.72,26.62,26.18,24.19,22.41,22.29,20.3,20.09,20.05,18.88,19.22,18.72,18.63,18.24,17.63,17.88,17.53,16.81,16.98,16.08,15.92,16.19,15.37,15.23,15.35,14.66,14.47,14.41,14.21,13.72,13.18,13.55,13.22,13.09,12.88,12.49,12.39,12.26,12.07,11.85,12.08,12.01,11.97,12.09,12.1,11.99,11.93,11.82,12.01,11.99,12.04,12.08,12.12,12.09,12.21,12.13,12.28,12.54,12.7,12.62,12.65,12.96,13.03,13.24,13.44,13.32,13.54,13.78,13.91,14.09,14.26,14.45,14.53,14.79,14.93,15.28,15.34,15.4,15.68,15.72,15.76,16.07,16.09,16.23,16.34,16.38,16.6,16.78,16.83,17.03,17.07,17.08,17.15,17.36,17.46,17.42,17.63,17.61,17.77,17.76,17.76,17.89,18.1,18.09,18.17,18.17,18.31,18.41,18.57,18.53,18.61,18.71,18.86,18.88,18.89,18.97,19.11,19.14,19.22,19.24,19.41,19.58,19.59,19.64,19.7,19.88,19.93,20.02,20.06,20.15,20.22,20.22,20.28,20.37,20.28,20.48,20.54,20.58,20.7,20.6,20.65,20.73,20.71,20.71,20.67,20.66,20.71,20.67,20.62,20.61,20.59,20.62,20.63,20.64,20.66,20.6,20.58,20.66,20.65,20.68,20.67,20.67,20.68,20.63,20.75,20.84,20.85,20.89,20.9,20.91,20.9,20.98,20.98,20.94,20.95,20.97,20.89,20.9,20.92,20.86,20.85,20.9,20.86,20.86,20.91,20.81,20.9,20.96,20.87,21.02,20.9,20.89,20.88,20.88,20.9,20.86,20.85,20.89,20.88,20.87,21.03,21.08,21.13,21.24,21.19,21.21,21.23,21.35,21.3,21.48,21.59,21.62,21.63,21.98,21.9,22.1,22.24,22.3,22.78,22.91,22.84,23.12,22.98,23.29,23.79,23.44,23.9,23.54,23.76,24.69,24.54
30.97,38.04,36.35,35.53,33.97,32.69,31.07,29.57,28.25,27.26,26.27,25.23,24,23.08,21.2,19.42,19.06,17.85,17.39,17.09,16.55,16.5,16.54,16.34,16.09,16.15,15.72,15.4,14.82,14.61,14.23,13.81,14.13,13.45,13.05,12.99,12.45,12.16,11.99,11.92,11.44,11.38,11.22,10.94,10.65,10.47,10.43,10.25,10.16,9.8,9.65,9.85,9.65,9.63,9.59,9.39,9.39,9.49,9.52,9.57,9.56,9.6,9.6,9.41,9.38,9.52,9.62,9.69,9.73,9.85,9.94,10.01,10.05,10.14,10.15,10.29,10.28,10.45,10.66,10.81,10.83,11.01,11.13,11.17,11.26,11.42,11.52,11.61,11.68,11.86,11.96,12.06,12.21,12.36,12.43,12.46,12.57,12.82,12.93,12.95,13.12,13.18,13.23,13.32,13.43,13.51,13.63,13.61,13.71,13.87,13.93,13.9,14.05,14.16,14.21,14.23,14.26,14.37,14.48,14.54,14.55,14.66,14.72,14.79,14.78,14.83,14.91,14.99,15.17,15.15,15.19,15.31,15.39,15.47,15.52,15.57,15.68,15.75,15.81,15.9,15.98,16.07,16.11,16.07,16.11,16.2,16.24,16.38,16.48,16.47,16.45,16.46,16.46,16.51,16.54,16.55,16.57,16.6,16.63,16.63,16.6,16.62,16.65,16.66,16.66,16.73,16.66,16.72,16.79,16.81,16.82,16.91,16.91,16.94,16.92,16.96,16.98,17.06,17.12,17.19,17.15,17.2,17.25,17.24,17.28,17.27,17.23,17.24,17.24,17.19,17.3,17.34,17.38,17.34,17.32,17.4,17.39,17.45,17.39,17.34,17.57,17.53,17.48,17.55,17.5,17.51,17.56,17.52,17.59,17.67,17.69,17.74,17.64,17.7,17.81,17.89,17.94,18.07,18.18,18.15,18.16,18.3,18.48,18.42,18.75,18.84,18.96,19.13,19.16,19.51,19.6,19.92,19.93,20.01,20.28,20.5,20.51,20.79,20.64,20.5,21.24,21.66
29.74,30.83,30.28,29.23,27.68,27,25.83,24.32,23.25,22.19,21.23,20.17,19.22,18.49,17.32,16.24,15.77,14.88,14.47,14.02,13.85,14.3,14.06,13.87,13.76,13.53,13.22,12.98,12.86,12.59,12.5,12.24,12.21,11.64,11.56,11.38,11.34,11.43,11.05,10.68,10.67,10.53,10.23,10.08,9.92,9.76,9.61,9.7,9.55,9.27,9.36,9.39,9.32,9.39,9.44,9.26,9.13,9.28,9.32,9.33,9.48,9.59,9.63,9.71,9.63,9.67,9.87,9.96,10.13,10.32,10.34,10.44,10.63,10.63,10.74,10.95,11.11,11.26,11.44,11.72,11.85,11.98,12.22,12.37,12.49,12.66,12.94,12.99,13.14,13.39,13.55,13.65,13.79,13.95,14.11,14.19,14.33,14.48,14.61,14.67,14.78,14.95,15.03,15.05,15.15,15.32,15.47,15.54,15.52,15.68,15.8,15.85,15.88,15.98,16.14,16.18,16.22,16.27,16.44,16.54,16.6,16.62,16.64,16.78,16.93,16.97,16.98,17.15,17.33,17.39,17.37,17.32,17.4,17.58,17.74,17.79,17.89,17.9,18.08,18.26,18.32,18.44,18.49,18.59,18.68,18.72,18.74,18.79,18.91,19,19.04,19.04,19.09,19.17,19.25,19.27,19.23,19.28,19.27,19.3,19.41,19.41,19.38,19.4,19.42,19.54,19.57,19.56,19.58,19.59,19.6,19.65,19.72,19.78,19.75,19.78,19.88,19.93,19.99,20.06,20.03,20.11,20.11,20.11,20.16,20.24,20.23,20.29,20.32,20.31,20.31,20.31,20.39,20.4,20.37,20.41,20.42,20.51,20.53,20.47,20.42,20.43,20.51,20.56,20.55,20.52,20.48,20.56,20.56,20.61,20.68,20.75,20.83,20.91,20.96,20.88,20.89,21.04,21.11,21.28,21.36,21.44,21.45,21.56,21.6,21.64,21.9,21.96,22.05,22.21,22.4,22.58,22.79,22.95,23.13,23.14,23.33,23.52,23.61,24.03,24.23,23.9
31.17,36.25,35.44,33.74,31.79,32.23,30.47,29.08,28.29,27.42,26.63,25.44,23.68,22.72,21.96,20.58,19.96,18.86,18.21,17.86,17.33,17.62,17.7,17.26,17.4,16.93,16.88,16.96,16.36,16.26,15.74,15.43,15.55,15.19,15.34,15.2,15,15,14.71,14.34,14.23,14.08,14.11,13.68,13.76,13.5,13.59,13.5,13.51,13.45,13.37,13.49,13.54,13.41,13.51,13.37,13.35,13.52,13.36,13.52,13.71,13.98,14.05,14.03,14,14.22,14.32,14.48,14.57,14.73,14.96,15.17,15.39,15.52,15.8,16.03,16.24,16.41,16.72,17.06,17.22,17.5,17.67,17.81,18.22,18.35,18.51,18.74,19.02,19.15,19.31,19.5,19.55,19.69,19.89,20.05,20.1,20.27,20.4,20.52,20.62,20.8,20.86,21,21.15,21.22,21.28,21.46,21.55,21.68,21.75,21.96,22.05,22.12,22.2,22.27,22.39,22.48,22.56,22.67,22.83,22.82,22.87,23.05,23.04,23.19,23.22,23.3,23.5,23.6,23.77,23.74,23.84,23.97,23.91,24.07,24.19,24.24,24.33,24.47,24.5,24.58,24.7,24.77,24.73,24.82,24.97,25.06,25.22,25.22,25.28,25.28,25.34,25.34,25.35,25.39,25.42,25.38,25.44,25.45,25.4,25.38,25.42,25.41,25.42,25.47,25.38,25.43,25.42,25.4,25.37,25.39,25.26,25.3,25.32,25.22,25.23,25.27,25.25,25.2,25.11,25.2,25.16,25.14,25.09,25.12,25,25.08,25.09,25.09,25.09,25.07,25.19,25.2,25.25,25.23,25.17,25.24,25.22,25.13,25.23,25.24,25.15,25.19,25.2,25.1,25.19,25.18,25.24,25.26,25.21,25.18,25.11,25.26,25.14,25.18,25.28,25.19,25.31,25.41,25.42,25.42,25.47,25.35,25.47,25.53,25.52,25.57,25.59,25.61,25.6,25.66,25.94,25.9,25.98,25.99,26.09,26.02,26.16,26.19,26.44,26.41
30.56,43.04,41.97,40.49,38.18,37.21,36.24,34.21,33.83,32.11,30.46,30.3,28.2,27.13,26.12,24.88,23.7,22.45,21.78,21.55,21.18,20.92,21.08,20.52,20.93,20.27,19.96,19.91,19.37,19.07,18.83,18.72,18.83,18.05,18.04,18.21,17.65,17.66,17.35,17.24,17.04,16.8,16.82,16.58,16.11,15.84,15.92,15.63,15.6,15.54,15.51,15.32,15.44,15.39,15.25,15.57,15.45,15.42,15.48,15.51,15.37,15.31,15.28,15.43,15.32,15.47,15.57,15.62,15.6,15.73,15.78,15.89,15.81,15.77,16.04,16.13,16.1,16.26,16.28,16.46,16.48,16.65,16.79,16.84,17.02,17.07,16.98,17.08,17.25,17.24,17.34,17.55,17.62,17.5,17.69,17.81,17.73,17.84,18.02,17.92,18.05,18.12,18.12,18.2,18.35,18.37,18.41,18.57,18.54,18.48,18.64,18.63,18.66,18.74,18.83,18.96,19,18.97,19.06,19.15,19.25,19.28,19.22,19.32,19.37,19.41,19.33,19.32,19.45,19.6,19.64,19.63,19.62,19.67,19.75,19.73,19.69,19.73,19.76,19.9,19.88,19.86,19.89,19.87,19.85,19.92,19.99,20.02,20.24,20.34,20.29,20.34,20.47,20.43,20.42,20.48,20.39,20.31,20.42,20.44,20.36,20.43,20.45,20.45,20.47,20.51,20.49,20.54,20.51,20.48,20.47,20.51,20.43,20.46,20.44,20.42,20.45,20.52,20.47,20.47,20.47,20.51,20.59,20.57,20.55,20.6,20.59,20.58,20.68,20.61,20.68,20.62,20.72,20.77,20.8,20.84,20.81,20.96,20.92,20.94,21.03,20.93,21.02,21.14,20.97,21.11,21.15,21.13,21.13,21.14,21.14,21.25,21.21,21.38,21.34,21.33,21.51,21.47,21.5,21.49,21.48,21.56,21.58,21.55,21.73,21.6,21.74,21.82,21.9,21.95,22.07,22.29,22.32,22.08,22.36,22.58,22.61,22.63,22.73,22.82,23.04,23.01
33.62,37.42,36.65,35.21,33.68,33.25,31.76,30.93,30.09,29,27.9,26.95,25.88,24.71,23.71,22.46,21.89,20.78,20.35,20.04,19.88,20.01,20.02,19.75,19.69,19.81,19.37,19.47,19.43,19,18.96,18.85,18.72,18.39,18.46,18.3,18.02,18.02,17.95,17.62,17.42,17.42,17.36,17.07,17.08,16.69,16.68,16.63,16.66,16.62,16.5,16.5,16.54,16.53,16.41,16.41,16.37,16.42,16.26,16.24,16.26,16.35,16.4,16.31,16.23,16.27,16.32,16.43,16.44,16.43,16.43,16.59,16.54,16.63,16.61,16.73,16.73,16.8,16.93,17.01,17,17.16,17.16,17.28,17.33,17.32,17.31,17.42,17.53,17.62,17.64,17.71,17.72,17.71,17.83,17.95,17.97,17.98,18.06,18.1,18.07,18.14,18.24,18.2,18.23,18.28,18.33,18.43,18.5,18.53,18.59,18.67,18.72,18.74,18.75,18.86,18.9,18.91,18.95,19.03,19.05,19.13,19.06,19.08,19.16,19.18,19.12,19.19,19.29,19.34,19.41,19.4,19.41,19.36,19.35,19.33,19.42,19.45,19.46,19.55,19.54,19.46,19.52,19.51,19.49,19.53,19.63,19.77,19.85,19.93,19.87,19.82,19.86,19.88,19.89,19.97,19.97,19.94,19.98,19.89,19.91,19.97,19.99,20.02,19.99,20.02,20.01,20.06,20.05,20.02,19.99,20.04,20.06,20.07,20.01,20.01,19.98,20.02,20.03,20.07,20.04,20.1,20.07,20.02,20,20.03,20.07,20.15,20.2,20.2,20.27,20.29,20.28,20.36,20.35,20.4,20.34,20.39,20.3,20.39,20.44,20.39,20.38,20.39,20.44,20.43,20.43,20.44,20.57,20.62,20.51,20.58,20.57,20.65,20.58,20.57,20.62,20.68,20.62,20.67,20.76,20.69,20.69,20.7,20.75,20.73,20.82,20.93,20.94,21.09,21,21.1,21.28,21.47,21.43,21.42,21.66,21.64,21.63,21.89,22.07,22
33,35.96,35.26,34.01,32.75,32.09,31.05,29.95,29.31,28.09,27.24,26.03,24.97,24.37,23.07,22.16,21.66,20.64,20.06,19.9,19.79,20.01,20.15,20.21,20.29,20.1,19.95,19.72,19.28,19.6,19.48,19.37,19.88,19.62,19.48,19.27,18.96,18.92,18.9,18.87,18.69,18.63,18.57,18.5,18.49,18.43,18.35,18.39,18.45,18.27,18.36,18.33,18.47,18.37,18.34,18.36,18.48,18.49,18.57,18.73,18.72,18.93,18.95,19.05,19.13,19.25,19.35,19.63,19.79,19.81,19.97,20.18,20.28,20.43,20.58,20.65,20.71,20.87,21.08,21.2,21.3,21.52,21.61,21.74,21.87,22,22.13,22.2,22.37,22.45,22.55,22.72,22.8,22.83,23,23.11,23.22,23.32,23.38,23.48,23.61,23.64,23.68,23.77,23.9,23.95,24.02,24.12,24.22,24.33,24.31,24.38,24.58,24.67,24.7,24.77,24.86,24.98,25.06,25.12,25.2,25.31,25.42,25.46,25.51,25.55,25.66,25.75,25.84,25.93,25.99,26.1,26.18,26.23,26.28,26.39,26.49,26.54,26.61,26.69,26.76,26.85,26.94,26.98,27.05,27.12,27.14,27.26,27.38,27.46,27.5,27.55,27.57,27.62,27.68,27.73,27.73,27.78,27.83,27.85,27.89,27.88,27.93,27.96,28.03,28.08,28.09,28.12,28.14,28.21,28.24,28.24,28.27,28.31,28.33,28.36,28.38,28.43,28.43,28.47,28.49,28.51,28.5,28.55,28.61,28.56,28.6,28.63,28.64,28.66,28.7,28.69,28.66,28.69,28.74,28.75,28.73,28.75,28.76,28.82,28.81,28.82,28.8,28.87,28.82,28.89,28.93,28.96,29.05,29.05,29.1,29.17,29.22,29.26,29.26,29.33,29.37,29.35,29.42,29.48,29.49,29.56,29.58,29.51,29.76,29.9,29.94,29.93,30.08,30.16,30.12,30.2,30.18,30.25,30.41,30.37,30.41,30.56,30.61,30.71,30.87,30.91
35.04,40.68,40.26,39,36.72,36.56,35.24,33.85,32.77,32.09,31.17,30.16,28.57,27.5,26.41,25.48,24.41,23.21,22.98,23.15,22.85,22.76,22.99,22.81,22.76,22.73,22.84,22.69,22.33,22.58,22.24,22.11,22.31,22.07,21.95,22.01,21.99,21.98,21.7,21.42,21.3,21.24,21.35,21.03,20.87,20.78,20.79,20.92,20.92,20.86,20.77,20.79,20.9,20.86,20.87,20.91,21.02,20.98,21.06,21.01,21.04,21.28,21.3,21.23,21.4,21.42,21.64,21.81,21.92,21.95,22.16,22.36,22.48,22.57,22.69,22.84,22.88,23.04,23.28,23.37,23.44,23.56,23.7,23.72,23.89,24.05,24.13,24.37,24.47,24.58,24.71,24.78,24.85,25.01,25.06,25.24,25.27,25.37,25.45,25.59,25.69,25.69,25.77,25.89,25.93,25.99,26.14,26.27,26.3,26.36,26.43,26.64,26.72,26.77,26.74,26.91,26.99,27.06,27.09,27.22,27.35,27.5,27.52,27.57,27.66,27.81,27.83,27.87,28,28.2,28.34,28.39,28.43,28.59,28.68,28.79,28.87,28.96,29.08,29.21,29.34,29.4,29.43,29.54,29.67,29.78,29.91,30.08,30.23,30.34,30.39,30.43,30.5,30.54,30.65,30.77,30.8,30.87,30.91,30.97,31.07,31.12,31.19,31.23,31.32,31.39,31.41,31.56,31.58,31.59,31.62,31.69,31.7,31.83,31.86,31.93,31.97,32.02,32.09,32.08,32.14,32.2,32.24,32.29,32.28,32.28,32.34,32.35,32.43,32.49,32.5,32.55,32.5,32.6,32.61,32.71,32.7,32.69,32.73,32.75,32.83,32.85,32.9,32.95,32.98,33.04,33.12,33.12,33.26,33.27,33.28,33.38,33.43,33.54,33.54,33.62,33.61,33.68,33.72,33.68,33.71,33.78,33.8,33.84,33.98,34.05,34.21,34.38,34.4,34.4,34.43,34.52,34.67,34.76,34.74,34.62,34.95,34.85,34.68,34.84,35.06,35.01
33.62,31.71,30.15,29.68,27.99,27.66,26.57,24.91,24.91,23.67,23.11,22.25,21.65,20.85,19.72,18.78,18.35,17.82,17.66,17.51,16.95,16.96,17.08,17.16,16.95,17.01,17.02,16.74,16.69,16.77,16.59,16.42,16.69,16.15,16.18,16.43,16.24,16.3,16.33,16.04,16.18,16.02,15.76,15.83,15.74,15.71,15.83,15.56,15.73,15.75,15.49,15.59,15.83,15.62,15.69,15.74,15.75,15.64,15.81,15.79,15.74,15.87,15.88,16.05,15.98,15.98,16.13,16.32,16.45,16.46,16.59,16.74,16.76,16.81,16.88,16.97,17.05,17.18,17.24,17.35,17.4,17.42,17.53,17.63,17.64,17.8,17.84,17.94,17.98,18.07,18.12,18.18,18.31,18.32,18.46,18.47,18.53,18.66,18.76,18.79,18.77,18.89,18.97,19.03,19.09,19.15,19.19,19.24,19.3,19.38,19.43,19.51,19.46,19.58,19.67,19.7,19.71,19.79,19.82,19.91,19.94,20.02,20.06,20.14,20.14,20.19,20.19,20.28,20.41,20.48,20.5,20.48,20.6,20.65,20.64,20.71,20.76,20.81,20.87,20.98,21.03,21.06,21.15,21.22,21.28,21.33,21.44,21.47,21.58,21.66,21.68,21.67,21.73,21.82,21.85,21.87,21.91,21.91,21.98,21.94,22.04,22.02,22.03,22.11,22.07,22.13,22.19,22.18,22.17,22.18,22.17,22.2,22.19,22.24,22.26,22.23,22.32,22.36,22.35,22.38,22.44,22.45,22.49,22.52,22.52,22.57,22.55,22.58,22.66,22.77,22.8,22.79,22.91,22.92,22.94,22.95,23.05,23.05,23.07,23.09,23.15,23.12,23.2,23.25,23.26,23.21,23.18,23.23,23.24,23.19,23.11,23.16,23.2,23.2,23.2,23.07,23.17,23.1,23.11,23.12,23.13,23.11,23.09,23.18,23.02,23.21,23.26,23.15,23.11,23.16,23.27,23.38,23.42,23.42,23.5,23.52,23.65,23.94,23.84,23.88,23.92,23.99
31.58,28.36,27.79,27.11,25.75,24.93,23.53,22.46,21.86,20.91,20.47,19.77,18.76,18.41,17.25,16.5,16.21,15.41,15.11,14.92,14.2,14.45,14.48,14.26,14.33,14.13,14.32,14.13,13.8,13.78,13.5,13.38,13.72,13.35,13.36,13.29,13.03,13.19,13.13,13.03,13.04,12.89,12.79,12.63,12.52,12.54,12.42,12.47,12.45,12.28,12.22,12.28,12.16,12.15,12.24,12.29,12.3,12.36,12.43,12.46,12.5,12.6,12.55,12.66,12.75,12.78,12.94,13.08,13.24,13.39,13.58,13.69,13.85,14.09,14.21,14.36,14.53,14.64,14.87,15.09,15.24,15.42,15.58,15.82,15.93,16.05,16.22,16.46,16.57,16.73,16.91,17.11,17.23,17.33,17.5,17.56,17.69,17.83,17.91,18.04,18.13,18.21,18.3,18.45,18.5,18.6,18.71,18.78,18.86,18.9,18.96,19.05,19.17,19.23,19.32,19.44,19.46,19.52,19.61,19.67,19.76,19.85,19.89,19.95,19.96,20.01,20.11,20.19,20.3,20.31,20.37,20.4,20.52,20.58,20.66,20.69,20.78,20.83,20.86,20.94,21.03,21.11,21.17,21.23,21.31,21.35,21.38,21.41,21.47,21.48,21.5,21.53,21.57,21.6,21.56,21.61,21.64,21.65,21.64,21.63,21.62,21.62,21.59,21.59,21.55,21.49,21.5,21.45,21.39,21.4,21.36,21.34,21.29,21.24,21.24,21.19,21.16,21.15,21.15,21.12,21.13,21.1,21.1,21.12,21.11,21.08,21.12,21.14,21.14,21.15,21.1,21.17,21.21,21.2,21.24,21.29,21.26,21.27,21.32,21.35,21.34,21.38,21.38,21.42,21.36,21.39,21.39,21.37,21.39,21.4,21.4,21.44,21.42,21.41,21.39,21.43,21.39,21.41,21.42,21.46,21.44,21.42,21.54,21.56,21.49,21.55,21.59,21.66,21.62,21.57,21.78,21.9,21.85,21.84,21.85,22.04,22.06,22.23,22.3,22.6,22.9,22.95
30.15,30.06,29.31,26.6,26.12,25,24.49,22.88,22.61,21.29,20.43,20.08,17.98,17.76,16.94,15.73,16.07,14.73,14.34,14.69,13.32,13.96,13.53,13.59,13.42,13.1,12.98,13.01,12.2,12.82,11.97,11.66,12.24,11.73,11.69,11.35,11.05,11.92,11.32,11.37,11.35,10.84,10.89,10.87,10.56,10.84,10.65,10.88,10.49,10.29,10.3,10.26,10.46,10.24,10.02,10.06,10.21,10.31,10.17,10.47,10.42,10.59,10.55,10.85,10.59,10.56,10.8,10.69,10.87,11.01,10.95,11.02,11.24,11.34,11.23,11.43,11.58,11.51,11.9,12.1,12.09,12.24,12.39,12.31,12.4,12.49,12.56,12.66,12.94,12.94,12.95,13.09,13.06,13.13,13.28,13.41,13.44,13.46,13.64,13.65,13.72,13.97,13.81,13.82,14.12,14.29,14.46,14.39,14.53,14.49,14.61,14.62,14.6,14.66,14.9,14.82,14.9,15.01,14.97,15.1,15.21,15.2,15.36,15.46,15.39,15.4,15.44,15.43,15.58,15.71,15.79,15.67,15.67,15.87,15.91,15.93,16.06,16.14,16.16,16.28,16.27,16.32,16.29,16.33,16.37,16.37,16.48,16.42,16.63,16.81,16.77,16.84,16.95,17.02,17,17.14,17.04,17.11,17.02,17.05,17.06,17,16.96,17.1,17.11,17.18,17.11,17.16,17.15,17.14,17.2,17.05,17.08,16.99,17.08,17.01,17.08,17.12,17.3,17.35,17.21,17.26,17.15,17.23,17.21,17.34,17.41,17.48,17.36,17.33,17.52,17.57,17.65,17.71,17.73,17.84,17.77,17.83,17.92,17.96,18.12,18.05,18.11,18.02,18.18,18.11,18.1,18.08,18.02,18.05,18.24,18.14,18.05,18.26,18.19,18.31,18.25,18.13,18.32,18.25,18.18,18.34,18.23,18.24,18.27,18.3,18.55,18.22,18.41,18.66,18.66,18.63,18.81,18.92,18.6,19.02,18.94,19.08,19.52,19.64,19.6,19.58
30.56,29.41,28.24,27.2,25.96,25.59,23.81,23.04,22.69,21.18,20.39,19.92,18.86,18.46,17.66,16.61,16.42,15.54,15.26,15.05,14.56,14.96,14.63,14.6,14.57,14.27,14.33,14.12,13.71,13.86,13.58,13.41,13.58,13.43,13.62,13.54,13.35,13.58,13.49,13.45,13.37,13.48,13.54,13.51,13.51,13.31,13.42,13.27,13.38,13.49,13.53,13.58,13.48,13.65,13.58,13.67,13.83,13.69,13.86,14.04,14.06,14.3,14.35,14.35,14.36,14.58,14.66,14.74,15.06,15.08,15.22,15.38,15.46,15.52,15.62,15.87,15.87,15.94,16.12,16.26,16.27,16.4,16.47,16.52,16.61,16.71,16.75,16.82,16.96,17.01,17.08,17.18,17.23,17.25,17.38,17.44,17.51,17.63,17.67,17.71,17.76,17.93,17.96,18.07,18.15,18.2,18.32,18.43,18.49,18.55,18.62,18.67,18.76,18.85,18.95,19,19.1,19.13,19.21,19.27,19.4,19.47,19.47,19.56,19.62,19.65,19.7,19.71,19.85,19.96,20.01,19.98,20.08,20.17,20.3,20.37,20.5,20.53,20.61,20.75,20.86,20.91,20.97,21,21.07,21.21,21.28,21.4,21.52,21.57,21.61,21.7,21.81,21.93,22.09,22.18,22.16,22.11,22.14,22.17,22.18,22.2,22.23,22.23,22.26,22.25,22.27,22.28,22.27,22.26,22.23,22.26,22.24,22.18,22.25,22.2,22.22,22.28,22.3,22.33,22.38,22.38,22.4,22.43,22.41,22.43,22.5,22.59,22.6,22.66,22.74,22.75,22.8,22.9,22.98,22.99,23.11,23.19,23.25,23.29,23.33,23.29,23.28,23.38,23.38,23.37,23.4,23.35,23.38,23.4,23.37,23.41,23.35,23.41,23.28,23.29,23.23,23.16,23.22,23.22,23.06,23.07,23.01,22.91,22.93,23,22.98,22.83,22.98,23.08,22.99,22.92,23,22.98,22.91,23.15,23.04,23.23,23.36,23.53,23.71,23.67
30.76,30.49,29.57,28.73,27.43,26.65,25.11,23.97,23.62,22,21.33,20.23,19.25,18.63,17.5,16.75,16.34,15.57,15.09,14.84,14.34,14.77,14.6,14.32,13.84,13.75,13.85,13.44,13.05,12.65,12.69,12.54,12.82,12.48,12.22,12.34,11.77,11.85,11.62,11.58,11.49,11.41,11.4,11.27,11.37,11.12,11.09,11.09,11.16,11.02,10.92,10.97,10.94,11.01,11.04,11,11.01,11.16,11.17,11.15,11.22,11.32,11.35,11.55,11.54,11.66,11.74,11.78,11.93,11.96,12.05,12.21,12.34,12.4,12.51,12.62,12.77,12.82,12.99,13.17,13.27,13.46,13.57,13.53,13.73,13.78,13.87,13.92,14.07,14.07,14.18,14.28,14.36,14.46,14.53,14.63,14.79,14.91,14.97,14.98,15.08,15.21,15.31,15.42,15.56,15.7,15.81,15.83,15.97,16.07,16.15,16.23,16.23,16.41,16.52,16.54,16.56,16.67,16.78,16.83,16.92,16.97,17.16,17.26,17.3,17.28,17.35,17.38,17.58,17.67,17.72,17.68,17.74,17.87,17.93,18.07,18.14,18.24,18.29,18.42,18.44,18.52,18.58,18.54,18.59,18.66,18.8,18.86,18.99,19.09,19.12,19.19,19.3,19.46,19.63,19.68,19.66,19.61,19.64,19.7,19.67,19.75,19.77,19.75,19.83,19.86,19.92,19.92,19.89,19.91,19.92,19.87,19.95,19.94,19.97,19.95,19.96,20.04,20.13,20.16,20.19,20.19,20.17,20.19,20.26,20.3,20.3,20.3,20.39,20.42,20.44,20.54,20.6,20.73,20.73,20.82,20.84,20.94,20.97,21.02,21.1,21.15,21.13,21.19,21.23,21.24,21.26,21.23,21.19,21.25,21.31,21.28,21.33,21.28,21.32,21.33,21.39,21.33,21.32,21.32,21.22,21.18,21.38,21.3,21.31,21.14,21.26,21.31,21.27,21.34,21.49,21.53,21.6,21.64,21.58,21.76,21.95,22.07,22.19,22.17,22.18,22.38
32.6,34.67,34.3,32.11,30.75,31.26,28.92,28.91,28.42,25.74,25.41,25.73,23.92,22.87,22.07,21.91,20.66,19.54,19.37,19.3,18.07,19.01,18.14,19.05,19.2,18.1,18.35,18.18,17.52,18.24,17.97,17.92,17.94,17.55,17.86,17.14,16.94,17.53,17.39,17.17,17.01,17.28,16.92,16.6,16.61,16.65,16.48,16.38,16.59,16.2,16.07,15.94,15.94,16.25,15.84,15.96,16.14,16.17,15.95,16.03,16.28,16.65,16.81,17.2,16.72,17.25,17.18,17.36,17.73,17.94,18.15,18.37,18.61,18.93,18.96,19.29,19.5,19.75,19.93,20.36,20.65,20.78,20.99,21.08,21.51,21.66,21.87,21.86,22.3,22.28,22.6,22.79,22.73,22.92,23.34,23.28,23.43,23.65,23.77,24.07,24.01,24.21,24.32,24.52,24.71,24.69,25.15,25.24,25.37,25.37,25.69,25.75,25.88,25.93,26.06,26.22,26.42,26.47,26.56,26.63,26.96,27.06,27.04,27.11,27.29,27.31,27.49,27.44,27.58,27.97,27.98,27.95,28.02,28.18,28.36,28.41,28.57,28.68,28.58,28.88,28.89,29.09,29.14,29.15,29.22,29.3,29.4,29.57,29.76,29.82,29.87,30,30.04,30.23,30.32,30.3,30.49,30.42,30.37,30.44,30.39,30.51,30.43,30.44,30.55,30.53,30.58,30.58,30.63,30.58,30.65,30.51,30.52,30.56,30.4,30.57,30.37,30.56,30.62,30.52,30.5,30.57,30.6,30.61,30.62,30.5,30.46,30.6,30.8,30.65,30.8,30.92,30.86,30.96,30.91,31.07,31.22,31.16,31.12,31.35,31.4,31.22,31.31,31.44,31.36,31.44,31.62,31.59,31.52,31.5,31.56,31.43,31.68,31.77,31.7,31.66,31.96,31.92,31.88,31.89,31.87,32.08,32.05,31.91,32.18,32.15,32.41,31.95,32.3,32.82,32.24,32.78,32.73,32.46,32.88,33.08,32.92,33.06,33.15,33.36,33.73,33.54
30.97,41.93,40.86,39.64,36.86,36.69,35.42,34.29,32.75,30.69,30.74,29.4,27.62,27,25.71,24.25,24.45,22.93,22.44,22.46,22.06,22.64,22.35,22.09,21.81,21.24,21.55,21.2,20.93,20.85,20.33,20.03,20.14,19.85,19.89,19.65,19.01,19.29,19.21,19.03,18.57,18.55,18.35,17.91,17.91,17.58,17.68,17.35,17.25,17.24,16.93,17.03,17.02,16.95,16.71,16.56,16.75,16.5,16.73,16.67,16.59,16.68,16.64,16.7,16.56,16.8,16.96,16.93,17.19,17.21,17.41,17.52,17.44,17.58,17.83,17.92,17.92,17.81,18.22,18.33,18.29,18.48,18.62,18.61,18.67,18.86,18.89,18.88,18.98,19.21,19.2,19.23,19.26,19.35,19.39,19.53,19.6,19.79,19.82,19.82,19.96,20.07,20.04,20.13,20.26,20.4,20.44,20.55,20.59,20.72,20.72,20.71,20.85,20.99,21.03,21.05,21.02,21.25,21.26,21.29,21.31,21.43,21.6,21.64,21.58,21.58,21.61,21.71,21.85,21.93,21.92,22.05,22.12,22.16,22.25,22.32,22.47,22.57,22.57,22.74,22.66,22.71,22.75,22.66,22.76,22.79,22.95,23.17,23.25,23.28,23.24,23.45,23.44,23.6,23.66,23.75,23.71,23.67,23.62,23.59,23.49,23.61,23.58,23.6,23.71,23.72,23.6,23.64,23.66,23.66,23.67,23.67,23.67,23.6,23.64,23.65,23.7,23.73,23.84,23.81,23.8,23.79,23.92,23.99,23.96,24.01,23.98,24.03,24.09,24.11,24.09,24.23,24.29,24.4,24.48,24.57,24.6,24.67,24.69,24.77,24.92,24.89,24.89,25.02,24.95,24.96,25.13,25.12,25.15,25.21,25.17,25.26,25.41,25.53,25.49,25.54,25.47,25.54,25.56,25.76,25.67,25.66,25.88,25.86,25.97,26,26.17,26.18,26.36,26.46,26.44,26.87,26.85,27.04,27.12,27.34,27.42,27.62,27.65,27.81,28.17,28.34
31.58,37.95,36.53,34.42,32.48,31.92,31.04,29.3,28.15,26.98,25.88,24.85,23.31,22.58,21.34,20.18,19.84,18.78,18.25,18,17.31,17.13,17.44,17.01,16.86,16.63,16.47,15.87,16.03,16.03,15.2,14.99,14.92,14.41,14.52,14.65,14.6,13.98,13.66,13.66,13.47,13.48,13.43,13.22,12.99,13.2,13.2,12.93,12.46,12.8,12.69,12.81,12.63,12.63,12.57,12.58,12.56,12.53,12.57,12.77,12.85,12.82,12.78,12.74,12.86,12.89,12.91,12.93,13.09,13.23,13.29,13.29,13.36,13.48,13.56,13.64,13.66,13.76,13.92,14.05,14.14,14.34,14.48,14.49,14.6,14.64,14.62,14.71,14.93,15,15.1,15.25,15.37,15.37,15.51,15.64,15.68,15.89,15.87,15.96,16.07,16.13,16.27,16.4,16.52,16.63,16.67,16.83,16.95,17.03,17.07,17.19,17.3,17.38,17.46,17.48,17.75,17.84,17.79,17.74,17.89,18.11,18.15,18.2,18.19,18.32,18.41,18.41,18.48,18.62,18.82,18.92,18.87,18.89,18.96,19.2,19.35,19.43,19.43,19.55,19.76,19.77,19.78,19.79,19.86,19.93,20.07,20.19,20.34,20.41,20.51,20.64,20.77,20.91,21.11,21.25,21.17,21.16,21.16,21.11,21.16,21.17,21.27,21.33,21.28,21.34,21.43,21.41,21.46,21.53,21.49,21.53,21.47,21.54,21.53,21.58,21.75,21.72,21.78,21.82,21.86,21.96,22.08,22.08,22.1,22.13,22.14,22.22,22.29,22.33,22.39,22.39,22.52,22.71,22.72,22.79,22.91,23.02,23.13,23.03,23.12,23.17,23.19,23.21,23.25,23.33,23.35,23.3,23.32,23.29,23.24,23.21,23.2,23.33,23.29,23.29,23.31,23.31,23.4,23.29,23.23,23.31,23.36,23.35,23.26,23.17,23.29,23.2,23.33,23.46,23.59,23.63,23.72,23.94,24.05,24.19,24.06,24.18,24.33,24.59,24.64,24.8
34.63,35.75,33.82,33.61,31.93,30.75,29.92,27.99,28.11,26.06,26.12,24.75,23.34,22.98,21.38,20.54,20.21,18.7,18.81,17.88,17.8,17.83,17.79,17.5,17.22,16.9,17.23,16.66,16.61,16.74,16.04,15.87,16.35,15.94,15.52,15.3,15.1,15.05,14.83,14.83,14.25,14.54,14.25,14.18,14.11,13.93,13.67,13.72,13.82,13.4,13.05,13.05,13.12,12.98,13.24,13.04,13.06,12.92,13.07,12.95,12.97,12.92,12.85,12.93,12.9,12.89,12.93,12.99,13.04,12.97,13.1,13.22,13.31,13.27,13.24,13.32,13.47,13.31,13.63,13.74,13.68,13.82,13.78,13.74,13.75,13.79,13.99,13.94,13.95,14.09,14.22,14.15,14.11,14.29,14.29,14.26,14.35,14.54,14.62,14.51,14.6,14.72,14.8,14.74,14.83,15.08,15.1,15.14,15.16,15.27,15.3,15.27,15.2,15.32,15.45,15.45,15.36,15.44,15.52,15.63,15.61,15.63,15.77,15.86,15.85,15.79,15.76,15.75,15.9,16.13,16.1,16.04,16,16.17,16.31,16.33,16.42,16.45,16.51,16.57,16.66,16.65,16.64,16.6,16.58,16.61,16.69,16.77,16.93,16.99,17.02,17.02,17.09,17.34,17.48,17.52,17.44,17.37,17.32,17.31,17.36,17.44,17.33,17.37,17.43,17.47,17.49,17.58,17.49,17.47,17.49,17.5,17.51,17.47,17.45,17.51,17.47,17.7,17.73,17.8,17.83,17.76,17.85,17.82,17.91,18.01,18.04,18.08,18.14,18.24,18.24,18.33,18.49,18.64,18.72,18.8,18.82,18.85,18.94,19.04,19.12,19.07,19.21,19.16,19.27,19.22,19.25,19.26,19.29,19.42,19.39,19.34,19.43,19.58,19.48,19.55,19.65,19.6,19.67,19.86,19.71,19.84,19.69,19.75,19.71,19.84,20.02,20.12,20.34,20.28,20.27,20.65,20.68,20.78,20.94,20.99,21.25,21.44,21.75,21.92,22.17,22.46
32.19,28.24,27.41,26.65,25.13,23.82,22.55,21.27,21.2,19.95,18.63,18.14,17,16.09,15.46,14.33,13.81,13.17,13.15,12.48,12.47,12.55,11.58,11.9,11.39,11.11,10.45,10.35,9.93,10.03,9.49,9.43,9.4,8.9,9.31,8.93,8.65,8.79,8.72,8.46,8.16,7.83,7.94,7.86,7.73,7.56,7.61,7.63,7.54,7.31,7.72,7.45,7.37,7.33,7.48,7.03,7.31,7.47,7.18,7.41,7.35,7.5,7.43,7.54,7.42,7.55,7.79,7.61,7.68,7.77,7.88,7.94,7.93,8.1,7.87,8.15,8.11,8.19,8.33,8.5,8.39,8.5,8.63,8.56,8.57,8.7,8.76,8.78,8.92,8.97,9.01,9.04,9.17,9.21,9.45,9.42,9.45,9.64,9.72,9.54,9.64,9.92,10.13,10.02,9.97,10.06,10.35,10.39,10.46,10.47,10.6,10.62,10.71,10.63,10.99,11.02,11.03,11.07,11.26,11.32,11.46,11.42,11.52,11.76,11.91,11.9,11.86,11.98,12.19,12.31,12.39,12.28,12.41,12.47,12.78,12.85,12.91,12.96,13.09,13.32,13.45,13.42,13.45,13.61,13.63,13.58,13.73,13.8,13.95,14.19,14.24,14.2,14.43,14.55,14.73,14.82,14.73,14.78,14.84,14.94,14.87,14.98,15.04,15.04,15.13,15.16,15.27,15.23,15.28,15.36,15.39,15.38,15.44,15.57,15.59,15.6,15.66,15.72,15.83,15.96,15.94,16.04,16.09,16.07,16.16,16.2,16.28,16.4,16.51,16.55,16.6,16.55,16.64,16.84,17.01,17.07,17.05,17.27,17.3,17.33,17.39,17.49,17.54,17.59,17.6,17.62,17.47,17.65,17.53,17.54,17.57,17.71,17.69,18.02,17.83,17.86,17.94,17.86,17.83,17.73,17.92,17.93,17.89,17.88,17.67,17.71,17.95,17.9,17.92,18.07,18,18.13,18.44,18.43,18.64,18.57,18.53,18.71,18.93,19.21,19.39,19.28
33.62,39.59,37.38,37.58,34.38,34.51,34.07,31.17,31.2,29.6,27.96,27.37,26.87,26.32,25.31,24.11,23.18,22.42,22.12,22.24,21.44,22.05,22.48,22.17,22.06,22.1,22.29,22.33,22.29,22.4,22.23,21.82,22.46,21.98,21.68,21.78,21.5,22.04,21.38,21.45,21.52,21.26,21.18,21.61,21.45,21.19,21.24,21.35,21.23,21.33,21.42,21.81,21.47,21.52,21.68,21.71,21.66,21.8,21.69,22.01,22.2,22.34,22.38,22.68,22.66,22.73,23.03,23.22,23.32,23.64,23.64,23.71,23.91,24.05,24.06,24.25,24.17,24.15,24.52,24.61,24.82,24.8,25.04,25.01,25.23,25.37,25.43,25.65,25.74,25.89,26.02,26.13,26.17,26.28,26.53,26.63,26.74,26.8,26.92,27.05,27.15,27.13,27.15,27.28,27.45,27.33,27.52,27.61,27.64,27.77,27.82,27.92,28.2,28.31,28.32,28.47,28.69,28.88,28.95,29.08,29.16,29.26,29.44,29.63,29.72,29.88,29.9,30.12,30.32,30.48,30.58,30.66,30.79,30.94,31.05,31.16,31.22,31.33,31.52,31.79,31.91,31.89,32.02,32.23,32.35,32.58,32.65,32.9,32.99,33.23,33.29,33.2,33.28,33.4,33.41,33.6,33.73,33.76,33.86,33.9,33.91,33.97,34.01,34.08,34.19,34.25,34.34,34.39,34.43,34.48,34.58,34.58,34.69,34.69,34.8,34.86,34.87,34.96,35.04,35.12,35.16,35.24,35.29,35.39,35.52,35.57,35.61,35.66,35.81,35.75,35.95,36.01,36.14,36.21,36.32,36.17,36.19,36.33,36.34,36.38,36.49,36.52,36.57,36.62,36.68,36.61,36.7,36.71,36.69,36.92,36.95,36.86,36.92,36.97,36.87,36.88,37.05,37.16,37.28,37.29,37.39,37.36,37.48,37.56,37.6,37.66,37.7,37.72,37.69,37.96,38.16,38.22,38.33,38.18,38.16,38.54,38.56,38.61,38.53,38.7,38.9,38.76
33.62,36.03,35.5,33.69,31.78,32.39,30.46,29.39,28.89,26.86,27.14,25.9,25.23,24.6,23.25,21.53,21.45,19.76,19.86,20.3,19.59,20.79,20.43,20.61,20.71,20.33,20.67,20.52,20.35,21.07,20.65,20.34,20.73,20.37,20.55,20.3,19.84,20.25,19.95,20.07,19.95,19.86,20,19.83,19.82,19.66,19.53,19.61,19.81,19.63,19.62,19.7,19.65,19.73,19.75,19.73,19.82,19.74,19.79,19.91,19.8,20.19,20.26,20.45,20.42,20.53,20.62,20.77,20.9,20.95,20.96,21.17,21.21,21.11,21.27,21.26,21.27,21.37,21.34,21.47,21.31,21.46,21.57,21.53,21.62,21.69,21.76,21.78,21.88,21.93,22.07,22.06,22.12,22.13,22.19,22.19,22.35,22.34,22.33,22.33,22.37,22.5,22.48,22.54,22.6,22.62,22.71,22.71,22.69,22.81,22.72,22.8,22.84,22.96,23.04,23.05,23.08,23.21,23.29,23.27,23.32,23.34,23.48,23.5,23.53,23.56,23.55,23.54,23.7,23.84,23.81,23.91,23.93,23.97,24.16,24.12,24.16,24.21,24.28,24.32,24.37,24.49,24.59,24.57,24.63,24.66,24.75,24.92,25.05,25.18,25.18,25.2,25.24,25.3,25.38,25.39,25.4,25.44,25.49,25.48,25.47,25.55,25.55,25.64,25.6,25.64,25.67,25.68,25.7,25.64,25.69,25.77,25.79,25.75,25.76,25.76,25.85,25.88,25.96,25.97,25.95,25.99,26.08,26.16,26.23,26.3,26.36,26.35,26.38,26.51,26.62,26.71,26.74,26.91,26.98,26.99,27,27.09,27.12,27.21,27.27,27.21,27.28,27.32,27.23,27.37,27.42,27.37,27.51,27.47,27.49,27.4,27.54,27.64,27.58,27.65,27.63,27.58,27.67,27.67,27.62,27.58,27.5,27.45,27.59,27.59,27.65,27.62,27.7,27.83,27.74,27.95,28.01,27.93,28.12,27.94,27.99,28.36,28.43,28.38,28.88,28.76
31.58,36.99,35.99,35.42,33.2,32.91,31.76,30.56,29.96,28.62,27.31,27.17,25.7,24.64,23.86,22.37,22.02,21.08,20.74,21.03,20.38,20.95,21.18,21.01,21.12,20.92,20.82,21.17,21.28,21.26,21.04,21.04,21,20.49,20.93,20.66,20.21,20.41,20.31,20.26,20.25,20.08,20.28,20.16,20.07,19.9,19.82,19.76,20.07,19.65,19.63,19.72,19.87,19.89,19.73,19.85,19.8,19.82,19.95,19.95,19.96,20.19,20.24,20.38,20.35,20.47,20.68,20.82,20.91,21.01,20.96,21.1,21.13,21.03,21.17,21.28,21.24,21.3,21.35,21.25,21.33,21.47,21.43,21.55,21.55,21.63,21.58,21.72,21.83,21.93,21.9,21.89,22.11,22.15,22.07,22.13,22.22,22.31,22.28,22.27,22.4,22.48,22.41,22.42,22.53,22.58,22.63,22.61,22.59,22.71,22.73,22.68,22.74,22.86,22.94,22.95,23,23.05,23.12,23.15,23.15,23.16,23.3,23.35,23.36,23.36,23.41,23.48,23.6,23.6,23.62,23.66,23.72,23.8,23.85,23.86,23.97,24,24.07,24.1,24.09,24.24,24.3,24.36,24.38,24.42,24.42,24.53,24.7,24.8,24.78,24.85,24.92,24.95,24.98,25.02,25,25.03,25.08,25.05,25.09,25.07,25.09,25.14,25.18,25.22,25.24,25.2,25.18,25.13,25.2,25.19,25.23,25.25,25.3,25.28,25.31,25.35,25.41,25.45,25.49,25.52,25.61,25.61,25.66,25.74,25.83,25.89,25.92,26.06,26.12,26.16,26.3,26.44,26.48,26.53,26.54,26.67,26.75,26.81,26.79,26.84,26.88,26.84,26.9,26.95,26.97,26.91,26.96,26.9,27.01,27.01,27.1,27.16,27.21,27.15,27.22,27.33,27.29,27.27,27.29,27.35,27.42,27.3,27.31,27.42,27.43,27.57,27.6,27.87,27.68,27.9,28.13,28.07,27.99,28.15,28.29,28.6,28.93,28.83,29.11,29.3
33.62,42.87,41.53,39.93,37.5,37.68,35.52,34.56,33.92,32.3,31.43,29.57,28.3,27.93,25.68,24.14,24.36,22.16,21.7,21.84,21.95,22.27,22.18,22.1,22.27,22.64,22.46,22.56,22.21,22.29,21.97,22.01,22.11,21.64,21.88,21.93,21.43,21.6,21.4,21.39,21.04,20.99,20.67,20.18,20.27,19.92,19.92,19.95,19.67,19.82,19.66,19.43,19.33,19.6,19.44,19.4,19.35,19.14,19.29,19.23,19.28,19.49,19.44,19.39,19.31,19.59,19.38,19.72,19.89,19.72,19.87,19.96,19.96,20.14,20.17,20.13,20.24,20.34,20.4,20.59,20.67,20.81,20.88,20.87,21.15,21.17,21.2,21.27,21.45,21.5,21.55,21.73,21.83,21.74,21.92,22.06,22.17,22.22,22.27,22.39,22.45,22.45,22.51,22.61,22.69,22.71,22.74,22.91,22.86,22.91,22.94,23.01,23.16,23.18,23.25,23.22,23.39,23.48,23.52,23.57,23.7,23.78,23.84,23.83,23.87,23.84,23.99,24.04,24.19,24.36,24.34,24.44,24.57,24.56,24.62,24.71,24.76,24.85,24.91,25.01,25.08,25.13,25.09,25.14,25.2,25.29,25.35,25.53,25.73,25.86,25.79,25.83,25.84,25.87,25.97,25.99,26.03,26.1,26.07,26.09,26.16,26.24,26.24,26.28,26.35,26.41,26.48,26.58,26.65,26.69,26.71,26.73,26.75,26.8,26.91,26.89,26.98,27.09,27.09,27.13,27.22,27.23,27.28,27.3,27.4,27.4,27.44,27.52,27.55,27.69,27.66,27.8,27.82,27.93,27.96,28.05,28.01,28.16,28.19,28.16,28.25,28.33,28.33,28.37,28.4,28.45,28.49,28.6,28.65,28.8,28.86,28.9,28.92,29.12,29.07,29.21,29.24,29.48,29.47,29.45,29.43,29.61,29.73,29.9,29.96,29.96,30.28,30.16,30.43,30.62,30.76,30.77,30.87,30.89,30.92,30.99,31.17,31.32,31.42,31.6,31.86,31.56
34.23,32.86,31.33,29.59,28.47,27.44,26.1,24.8,24.1,22.86,22.36,21.13,20.12,19.09,17.48,16.14,15.26,14.64,14.67,14.71,14.67,14.96,15.05,14.67,14.77,14.53,14.33,14.3,14.13,14.01,13.45,13.22,13.3,12.95,12.76,12.71,12.4,12.34,12.34,12.03,11.71,11.5,11.12,11.04,10.88,10.75,10.61,10.65,10.71,10.49,10.52,10.53,10.45,10.6,10.67,10.64,10.58,10.7,10.75,10.83,10.82,10.87,10.88,10.94,10.98,11.15,11.27,11.35,11.36,11.37,11.58,11.6,11.7,11.8,11.89,11.95,12.05,12.11,12.27,12.43,12.57,12.66,12.75,12.92,13.06,13.03,13.12,13.31,13.45,13.58,13.63,13.67,13.8,13.82,13.98,14.04,14.09,14.22,14.3,14.3,14.29,14.44,14.49,14.59,14.64,14.69,14.71,14.77,14.8,14.89,14.96,15.02,15.09,15.18,15.25,15.31,15.3,15.45,15.5,15.52,15.61,15.73,15.79,15.9,15.93,15.96,15.97,16.02,16.11,16.22,16.33,16.35,16.35,16.45,16.54,16.58,16.62,16.74,16.75,16.85,16.9,16.94,16.98,17.06,17.11,17.05,17.12,17.16,17.18,17.22,17.25,17.25,17.36,17.39,17.39,17.42,17.43,17.45,17.46,17.52,17.65,17.7,17.73,17.82,17.87,17.93,17.95,18.02,18.1,18.06,18.12,18.18,18.15,18.26,18.29,18.36,18.39,18.44,18.54,18.55,18.56,18.54,18.54,18.58,18.63,18.62,18.57,18.59,18.62,18.57,18.56,18.54,18.56,18.62,18.6,18.58,18.54,18.64,18.61,18.69,18.74,18.69,18.86,18.93,18.84,18.86,18.92,18.96,19.06,19.08,19.01,19.05,19.1,19.17,19.12,19.12,19.19,19.25,19.23,19.27,19.16,19.23,19.3,19.37,19.46,19.4,19.68,19.84,19.75,19.84,20.02,20.22,20.17,20.1,20.27,20.43,20.37,20.44,20.24,20.28,20.34,20.28
25.47,36.51,34.22,33.3,32.07,30.48,29.26,27.26,27.26,26.08,25.39,24.18,23.45,22.27,19.9,18.85,18.37,17.14,16.93,16.59,16.11,16.4,16.33,16.22,15.99,15.82,15.94,15.83,15.61,15.47,15.04,14.98,15.31,14.75,14.86,14.54,14.25,14.01,13.76,13.95,13.69,13.42,13.5,13.1,12.9,12.83,12.85,13.04,13.15,12.83,13,13.23,12.95,13.02,12.97,13.26,13.32,13.5,13.53,13.56,13.79,14.07,14,13.88,14.06,14.3,14.35,14.52,14.62,14.72,14.84,15.1,15.24,15.43,15.68,15.79,16.02,16.22,16.52,16.55,16.68,17,17.21,17.38,17.6,17.59,17.69,17.97,18.1,18.2,18.35,18.57,18.64,18.76,18.73,18.96,18.99,19.09,19.21,19.36,19.49,19.45,19.51,19.72,19.86,19.89,19.98,20.02,20.16,20.28,20.39,20.47,20.65,20.68,20.74,20.76,20.82,20.98,21.11,21.17,21.3,21.34,21.42,21.53,21.62,21.66,21.68,21.79,21.95,21.96,22.08,22.2,22.26,22.32,22.5,22.6,22.59,22.69,22.95,22.95,23.09,23.23,23.23,23.27,23.33,23.31,23.37,23.49,23.6,23.72,23.78,23.82,23.85,23.94,23.92,24.03,24.08,24.14,24.2,24.25,24.39,24.41,24.42,24.59,24.67,24.78,24.75,24.83,24.86,24.91,25.07,25.05,25.13,25.17,25.24,25.26,25.38,25.44,25.44,25.51,25.51,25.48,25.49,25.54,25.49,25.53,25.55,25.53,25.55,25.58,25.57,25.49,25.63,25.76,25.63,25.73,25.61,25.78,25.82,25.87,25.88,25.89,25.88,25.81,25.97,26.13,25.99,26,26.17,26.29,26.2,26.22,26.18,26.33,26.48,26.5,26.62,26.6,26.64,26.75,26.85,26.96,26.97,27.04,27.11,27.12,27.27,27.32,27.36,27.33,27.44,27.71,27.56,27.64,27.76,27.65,27.88,28.14,27.67,27.81,28.09,27.8
27.91,47.69,45.55,43.81,42.28,41.06,39.62,38.19,36.78,35.17,34.07,32.95,31.78,30.28,28.69,26.95,25.99,24.73,24.43,24.76,24.65,24.59,24.92,24.87,24.67,24.82,24.77,24.72,24.48,24.3,23.88,23.62,23.73,23.56,23.09,23.14,22.8,23.04,22.91,22.49,21.96,21.73,21.79,21.63,21.16,20.83,20.74,20.74,20.76,20.69,20.62,20.56,20.64,20.71,20.61,20.65,20.77,20.81,20.76,20.56,20.66,20.97,20.97,21.03,21.02,21.08,21.29,21.56,21.86,21.77,21.95,22.07,22.18,22.32,22.42,22.52,22.63,22.83,23.02,23.21,23.21,23.46,23.52,23.53,23.83,23.97,24.04,24.31,24.45,24.52,24.61,24.75,24.91,24.93,25.11,25.19,25.31,25.32,25.52,25.53,25.65,25.76,25.75,25.9,26.01,26,26.09,26.19,26.31,26.37,26.43,26.57,26.65,26.82,26.81,26.89,27,27.15,27.19,27.26,27.42,27.63,27.67,27.64,27.71,27.82,27.91,27.98,28.15,28.3,28.4,28.41,28.54,28.57,28.67,28.82,28.91,29,29.1,29.25,29.36,29.39,29.47,29.47,29.51,29.67,29.77,29.78,29.9,29.99,30,30.06,30.05,30.04,30.11,30.16,30.2,30.17,30.21,30.21,30.29,30.38,30.46,30.54,30.62,30.62,30.69,30.81,30.85,30.86,30.87,30.92,30.92,30.97,31,31.08,31.12,31.18,31.2,31.26,31.32,31.32,31.25,31.26,31.32,31.3,31.28,31.27,31.34,31.42,31.37,31.36,31.38,31.42,31.37,31.44,31.44,31.48,31.48,31.47,31.66,31.57,31.68,31.73,31.77,31.87,31.98,32.07,32.2,32.28,32.31,32.38,32.46,32.59,32.77,32.82,32.97,33.01,33.08,33.27,33.24,33.39,33.62,33.67,33.73,34.11,34.35,34.48,34.65,34.72,34.76,34.89,35.08,35.34,35.34,35.44,35.51,35.57,35.77,35.81,36.06,36.27
33.62,41.5,40.08,38.46,36.92,35.35,34.07,32.47,31.85,30.1,29.14,27.68,26.37,25.06,23.17,21.65,20.91,19.65,18.98,18.91,18.29,18.37,18.67,18.56,18.46,18.11,18.18,17.97,17.78,17.59,17.16,16.83,16.96,16.36,16.38,16.16,15.4,15.85,15.72,15.5,14.92,14.86,14.95,14.4,14.47,14.29,14.12,14.11,14.02,13.97,13.92,13.9,14.05,14.02,14.27,14.22,14.12,14.43,14.32,14.41,14.58,14.52,14.49,14.67,14.93,14.93,15.06,15.18,15.35,15.31,15.46,15.53,15.71,15.99,16.05,16.04,16.31,16.56,16.8,16.98,17.1,17.23,17.36,17.5,17.65,17.9,17.98,18.17,18.34,18.43,18.53,18.82,18.88,18.88,19,19.19,19.29,19.38,19.47,19.63,19.61,19.7,19.76,19.91,20.06,20.06,20.24,20.28,20.4,20.48,20.55,20.65,20.76,20.82,20.85,20.94,21.15,21.26,21.27,21.36,21.41,21.57,21.61,21.68,21.69,21.84,21.91,21.94,22.09,22.12,22.12,22.2,22.27,22.36,22.43,22.46,22.59,22.68,22.72,22.82,22.93,23.01,23.02,23.11,23.23,23.2,23.2,23.26,23.3,23.4,23.44,23.47,23.45,23.47,23.59,23.57,23.5,23.65,23.65,23.69,23.7,23.72,23.82,23.87,23.93,23.96,23.95,24.1,24.16,24.12,24.12,24.17,24.21,24.34,24.4,24.35,24.38,24.41,24.49,24.5,24.52,24.59,24.49,24.49,24.54,24.47,24.57,24.54,24.63,24.61,24.61,24.6,24.59,24.6,24.63,24.65,24.63,24.67,24.64,24.72,24.79,24.76,24.77,24.85,24.78,24.84,24.93,24.94,24.96,25,25.14,25.13,25.17,25.37,25.35,25.37,25.54,25.61,25.72,25.79,25.79,25.85,26.03,26.04,26.09,26.1,26.44,26.5,26.5,26.65,26.87,27.05,26.88,27.03,27.12,27.44,27.42,27.6,27.36,27.58,27.77,27.8
31.58,41.53,39.59,38.68,36.32,36.08,34.28,32.23,31.67,30.03,29.21,28.04,26.27,25.31,23.48,22.08,21.29,19.92,19.6,19.58,18.94,19.05,19.53,19.4,19.09,18.89,18.9,18.76,18.57,18.72,18.19,17.69,17.84,17.4,17.42,17.38,16.89,17.13,16.97,16.86,16.44,16.3,16.32,16.07,16.05,15.83,15.58,15.58,15.56,15.43,15.43,15.58,15.6,15.71,15.77,15.74,15.8,15.96,16.04,15.99,16.09,16.32,16.33,16.48,16.59,16.6,16.75,17.04,17.24,17.27,17.51,17.57,17.76,18.02,18.22,18.31,18.51,18.7,18.95,19.08,19.2,19.44,19.59,19.67,19.81,20.06,20.07,20.29,20.5,20.62,20.66,20.81,20.97,21.01,21.15,21.28,21.39,21.44,21.54,21.6,21.68,21.78,21.81,21.93,22.04,22.16,22.14,22.25,22.36,22.48,22.54,22.58,22.69,22.8,22.81,22.89,22.94,23.09,23.14,23.18,23.34,23.48,23.53,23.54,23.57,23.63,23.73,23.8,23.93,24.02,24.11,24.22,24.21,24.3,24.39,24.44,24.58,24.63,24.69,24.81,24.85,24.96,24.93,24.99,25.08,25.08,25.25,25.32,25.43,25.48,25.5,25.55,25.55,25.59,25.67,25.63,25.69,25.73,25.7,25.75,25.8,25.85,25.93,25.99,26.04,26.17,26.14,26.25,26.33,26.38,26.4,26.42,26.45,26.43,26.48,26.51,26.61,26.65,26.7,26.73,26.69,26.71,26.67,26.66,26.71,26.7,26.67,26.62,26.62,26.67,26.72,26.69,26.71,26.72,26.65,26.71,26.63,26.74,26.75,26.76,26.86,26.82,26.84,26.92,26.96,27.05,27.04,27.12,27.18,27.18,27.25,27.26,27.24,27.45,27.55,27.52,27.75,27.71,27.84,28,28.06,28.04,28.29,28.35,28.37,28.37,28.55,28.55,28.44,28.76,28.93,28.96,29.02,29.13,29.24,29.12,29.27,29.34,29.5,29.5,29.71,29.71
31.37,42,40.09,39.04,37.28,36.16,34.56,32.73,31.55,30.92,29.43,28.14,26.4,25.44,23.81,22.22,21.12,20.04,19.46,19.42,19.25,19.11,19.28,19.05,18.61,18.67,18.57,18.38,18.14,17.83,17.63,17.15,17.2,16.83,16.56,16.62,16.01,15.98,15.79,15.64,15.11,14.93,14.96,14.35,14.26,14.26,14.06,13.75,13.79,13.63,13.51,13.47,13.58,13.36,13.66,13.55,13.48,13.61,13.62,13.7,13.74,13.69,13.72,13.67,13.65,13.88,13.86,13.88,13.88,13.91,14.08,14.12,14.36,14.32,14.38,14.42,14.52,14.69,14.81,14.92,15.02,15.1,15.17,15.3,15.57,15.58,15.64,15.81,15.9,16,16.14,16.29,16.27,16.3,16.48,16.6,16.64,16.77,16.81,16.93,16.98,16.96,16.99,17.19,17.19,17.2,17.27,17.42,17.45,17.53,17.49,17.59,17.62,17.71,17.72,17.9,17.98,18,18.05,18.11,18.18,18.23,18.3,18.38,18.39,18.47,18.53,18.52,18.64,18.74,18.8,18.86,18.86,18.89,18.96,19.04,19.14,19.16,19.14,19.22,19.31,19.3,19.27,19.36,19.39,19.41,19.45,19.55,19.57,19.62,19.68,19.65,19.61,19.65,19.72,19.68,19.68,19.68,19.71,19.72,19.79,19.8,19.84,19.88,19.9,19.99,19.99,20.07,20.18,20.19,20.18,20.23,20.25,20.31,20.41,20.4,20.46,20.5,20.51,20.55,20.56,20.61,20.63,20.59,20.62,20.6,20.61,20.62,20.65,20.61,20.59,20.59,20.57,20.66,20.62,20.65,20.67,20.7,20.67,20.66,20.74,20.69,20.68,20.76,20.74,20.83,20.93,20.94,21,21.07,21.03,21.15,21.24,21.32,21.29,21.32,21.36,21.5,21.63,21.64,21.69,21.78,21.89,21.9,22.01,22.08,22.21,22.41,22.49,22.74,22.78,22.99,23.02,23.16,23.14,23.2,23.27,23.19,23.36,23.61,23.76,23.74
26.48,42.23,41.18,40.82,38.65,38.11,36.42,35.04,34.44,33.11,31.16,30,28.73,27.48,25.85,24.64,23.26,22.65,22.4,22.58,22.4,22.5,22.79,22.59,22.08,21.82,21.53,21.43,21.06,21.17,21.11,21.21,21.2,21.08,20.66,20.36,20.3,20.09,19.97,19.65,19.45,19.09,19.12,18.97,18.78,18.37,18.29,18.42,18.21,18.03,18.08,17.97,18.18,18.3,18.13,18.12,18.36,18.4,18.22,18.2,18.22,18.39,18.44,18.56,18.54,18.7,18.84,18.99,18.99,19.16,19.37,19.46,19.51,19.71,19.77,19.94,20.14,20.41,20.63,20.65,20.84,21.05,21.17,21.28,21.54,21.54,21.64,21.82,21.98,22.05,22.22,22.41,22.41,22.48,22.56,22.76,22.85,22.97,23.12,23.2,23.27,23.27,23.35,23.59,23.66,23.69,23.68,23.83,23.92,23.92,23.92,24.18,24.3,24.33,24.37,24.46,24.54,24.63,24.61,24.75,24.93,24.99,25,25.06,25.11,25.26,25.36,25.44,25.47,25.53,25.67,25.75,25.81,25.91,25.92,26.02,26.09,26.12,26.21,26.34,26.45,26.5,26.55,26.6,26.64,26.73,26.8,26.85,26.87,26.94,27,26.99,26.99,27.01,27.03,27.1,27.11,27.22,27.22,27.23,27.25,27.3,27.43,27.43,27.55,27.57,27.6,27.66,27.75,27.77,27.85,27.92,27.86,27.82,27.99,28.1,28.07,28.12,28.19,28.16,28.14,28.2,28.24,28.22,28.19,28.16,28.08,28.11,28.21,28.2,28.25,28.18,28.22,28.24,28.25,28.24,28.23,28.34,28.33,28.36,28.42,28.35,28.37,28.46,28.44,28.53,28.65,28.71,28.79,28.88,28.98,29.05,29.13,29.23,29.35,29.43,29.53,29.6,29.84,29.93,29.95,30,30.26,30.38,30.43,30.66,30.79,30.78,30.97,31.19,31.26,31.48,31.55,31.69,31.8,31.76,31.78,32.02,32.03,32.25,32.61,32.49
28.52,44.54,43.95,42.9,39.65,39.54,37.81,36.05,35,33.66,33.4,31.45,30.13,29.86,27.28,26.41,25.84,23.93,23.46,23.66,23.33,23.64,23.84,24.28,23.8,23.8,24.61,24.13,23.69,24.21,23.43,23.47,23.9,23.16,23.42,23.59,23.04,22.89,22.92,22.73,22.17,22.32,22.28,21.69,21.42,21.33,21.21,21.46,21.35,21.23,21.25,21.17,21.2,21.14,21.08,21.2,21.36,21.3,21.34,21.29,21.43,21.8,21.84,22,21.97,22.31,22.24,22.65,22.93,22.97,23.25,23.46,23.61,23.81,24.07,24.23,24.35,24.71,24.89,25.08,25.36,25.57,25.71,25.94,26.27,26.48,26.59,26.69,26.98,27.15,27.23,27.43,27.73,27.75,27.78,27.95,28.22,28.17,28.28,28.46,28.62,28.63,28.55,28.76,28.99,29.07,29.05,29.21,29.4,29.57,29.53,29.56,29.82,29.95,30.06,30.07,30.21,30.44,30.56,30.62,30.65,30.93,31.1,31.16,31.13,31.19,31.39,31.53,31.72,31.76,31.78,32.1,32.47,32.41,32.46,32.53,32.7,32.87,33.04,33.07,33.15,33.34,33.27,33.31,33.32,33.32,33.55,33.76,33.82,33.92,33.94,34,33.96,34.06,34.08,34.07,34.08,34.18,34.22,34.19,34.31,34.31,34.34,34.41,34.54,34.61,34.58,34.62,34.58,34.75,34.87,34.82,34.79,34.95,34.92,34.94,35.03,35.02,35.12,35.15,35.08,35.06,34.98,34.95,34.9,34.78,34.83,34.8,34.76,34.77,34.65,34.61,34.69,34.65,34.66,34.57,34.51,34.5,34.55,34.48,34.43,34.41,34.42,34.45,34.5,34.58,34.66,34.78,34.87,34.96,35.03,35.12,35.13,35.35,35.39,35.54,35.63,35.71,35.91,35.95,35.94,36.19,36.08,36.16,36.47,36.6,36.86,37.06,37.17,37.51,37.39,37.52,37.39,37.76,37.85,37.66,37.82,37.93,37.68,37.82,38.07,37.92
28.11,45.12,42.98,40.42,39.05,37.16,35.52,33.94,32.25,31.09,30.38,28.74,26.94,25.72,24.4,22.87,21.34,19.96,19.38,19.07,18.66,18.47,18.38,18.01,17.66,17.71,17.4,17.21,16.85,16.61,16.25,15.81,15.64,15.43,15.15,14.72,14.36,13.9,13.59,13.26,12.82,12.51,12.42,11.97,11.66,11.36,11.04,10.9,10.62,10.4,10.37,10.29,10.36,10.29,10.14,10.15,10.13,10.07,10.17,10.13,10.19,10.27,10.19,10.16,10.18,10.33,10.26,10.37,10.57,10.53,10.57,10.51,10.67,10.67,10.68,10.81,10.92,11.01,11.15,11.3,11.35,11.44,11.47,11.62,11.73,11.86,11.85,11.92,12.06,12.18,12.23,12.41,12.45,12.46,12.6,12.71,12.65,12.87,13.02,13,13.06,13.13,13.27,13.29,13.34,13.43,13.52,13.63,13.68,13.7,13.78,13.87,13.91,13.97,13.99,14.11,14.24,14.22,14.28,14.42,14.46,14.55,14.5,14.57,14.78,14.76,14.81,14.8,14.94,15.1,15.13,15.07,15.13,15.22,15.33,15.41,15.46,15.53,15.56,15.73,15.79,15.77,15.88,15.85,15.94,15.97,15.95,16.08,16.21,16.32,16.25,16.23,16.29,16.26,16.38,16.46,16.48,16.5,16.5,16.5,16.59,16.65,16.62,16.69,16.75,16.86,16.92,16.98,17.03,17.07,17.03,17.14,17.26,17.37,17.36,17.4,17.49,17.56,17.62,17.66,17.76,17.78,17.79,17.77,17.84,17.82,17.81,17.91,17.92,17.93,17.95,17.98,17.94,18.03,18,18.12,18.13,18.18,18.16,18.17,18.17,18.22,18.18,18.25,18.31,18.33,18.43,18.45,18.45,18.43,18.48,18.71,18.75,18.87,18.81,18.84,18.99,19.08,19.24,19.3,19.4,19.65,19.74,19.78,19.96,20.05,20.21,20.36,20.52,20.71,20.67,20.84,21.1,21.09,21.29,21.29,21.47,21.68,21.64,21.76,22.13,22.34
28.52,42.98,42.33,40.09,37.65,37.99,35.82,34.32,33.64,32.37,31.14,29.79,28.67,27.86,26.05,24.86,23.67,22.53,22.42,22.37,22.29,22.16,22.45,22.71,22.41,22.84,22.48,22.34,22.36,22.53,21.74,21.47,21.64,21.12,21.71,21.5,21.07,20.9,20.74,20.63,20.47,20.06,20.27,19.76,19.6,19.37,19.32,19.15,19.15,19,19.03,18.93,18.79,18.76,18.65,18.66,18.72,18.62,18.48,18.64,18.43,18.66,18.58,18.65,18.53,18.82,18.7,18.91,19.06,18.91,19.1,19.04,19.17,19.29,19.33,19.44,19.54,19.63,19.74,19.79,19.85,20.01,19.88,19.93,20.23,20.3,20.29,20.48,20.65,20.6,20.66,20.85,21,20.87,20.93,21.09,21.21,21.2,21.27,21.35,21.44,21.39,21.34,21.5,21.66,21.59,21.57,21.68,21.76,21.76,21.73,21.7,21.9,21.96,21.95,21.94,21.96,22.14,22.17,22.09,22.13,22.3,22.43,22.36,22.36,22.34,22.48,22.64,22.67,22.63,22.69,22.9,23.02,22.99,22.99,23.01,23.11,23.13,23.22,23.25,23.3,23.38,23.34,23.26,23.26,23.31,23.44,23.56,23.63,23.68,23.64,23.68,23.68,23.65,23.72,23.63,23.61,23.65,23.74,23.69,23.78,23.78,23.74,23.84,23.95,24.05,24.04,24,24.11,24.13,24.2,24.29,24.32,24.38,24.39,24.43,24.56,24.62,24.66,24.69,24.72,24.67,24.71,24.76,24.82,24.75,24.77,24.86,24.79,24.84,24.9,24.86,25.03,25.06,25.05,25.11,25.08,25.15,25.15,25.18,25.14,25.15,25.21,25.24,25.34,25.34,25.43,25.49,25.55,25.65,25.72,25.72,25.75,25.91,25.89,26.06,26.3,26.36,26.47,26.63,26.64,26.77,26.83,26.95,27.2,27.34,27.39,27.5,27.65,27.77,27.78,28.13,28.12,28.14,28.16,28.3,28.43,28.61,28.87,28.78,29.13,29.21
32.6,49.79,48.47,46.78,44.21,43.29,41.7,39.74,38.77,37.96,35.9,33.97,32.69,31.09,28.98,28.02,26.77,25.53,24.54,24.54,24.35,24.65,24.83,24.61,24.22,24.35,24.15,23.8,23.42,23.21,22.82,22.72,22.87,22.15,22.28,21.77,21.14,21.03,20.96,20.62,20.14,20.06,19.82,19.27,19.13,18.91,18.67,18.36,18.32,18.09,17.97,17.91,17.83,17.77,17.91,17.73,17.71,17.8,17.81,17.69,17.76,17.71,17.56,17.64,17.69,17.64,17.79,17.85,17.76,17.73,17.9,17.92,18.02,18.17,18.13,18.14,18.32,18.42,18.52,18.71,18.83,18.89,18.93,18.97,19.12,19.16,19.19,19.35,19.43,19.41,19.56,19.69,19.69,19.7,19.83,19.91,19.93,20,20.11,20.19,20.15,20.15,20.29,20.39,20.34,20.37,20.43,20.56,20.62,20.59,20.56,20.68,20.73,20.73,20.74,20.89,20.99,20.97,20.89,20.98,21.13,21.2,21.16,21.12,21.23,21.37,21.28,21.31,21.46,21.71,21.8,21.73,21.7,21.76,21.86,21.93,21.87,21.92,21.91,22.01,22,22,21.93,22,22,22.03,22.12,22.3,22.35,22.4,22.37,22.3,22.32,22.27,22.32,22.32,22.28,22.27,22.25,22.26,22.27,22.28,22.37,22.37,22.31,22.37,22.4,22.46,22.54,22.57,22.5,22.55,22.55,22.62,22.68,22.73,22.75,22.74,22.78,22.88,22.9,22.98,22.92,22.91,22.9,22.96,22.96,22.99,23.03,23.11,23.09,23.1,23.14,23.08,23.11,23.16,23.16,23.17,23.12,23.15,23.17,23.15,23.13,23.16,23.22,23.3,23.31,23.4,23.45,23.44,23.54,23.67,23.71,23.89,23.91,24,24.14,24.27,24.35,24.44,24.66,24.71,24.86,24.92,25.16,25.2,25.37,25.73,25.79,26.15,26.24,26.36,26.57,26.73,26.83,26.98,27.24,27.49,27.45,27.66,28.21,28.16
27.5,56.12,54.71,51.42,48.22,46.77,45.56,43.1,41.05,39.18,38.24,35.94,34.77,33.45,31.6,29.77,28.35,26.75,25.77,25.46,24.65,23.99,24.26,24.02,23.6,23.33,23.26,22.8,22.77,22.54,21.96,21.44,21.32,20.77,21.25,20.72,19.65,19.44,19.14,18.77,18.17,18.15,18.25,17.91,17.27,16.93,16.28,16.36,15.94,15.82,15.63,15.65,15.62,15.51,15.28,15.65,15.51,15.57,15.57,15.57,15.61,15.61,15.41,15.52,15.58,15.58,15.73,15.68,15.43,15.64,15.79,15.84,15.87,15.98,15.86,15.8,16.2,16.35,16.25,16.51,16.57,16.6,16.77,16.98,17.15,17.14,17.27,17.4,17.52,17.63,17.78,18.1,18,17.89,18.23,18.36,18.32,18.59,18.71,18.67,18.75,18.86,18.98,19.01,19.08,19.19,19.26,19.35,19.41,19.39,19.54,19.62,19.65,19.65,19.77,19.86,19.84,19.86,19.95,20.15,20.18,20.32,20.26,20.32,20.55,20.5,20.48,20.54,20.72,20.97,21.05,21,20.89,21.03,21.32,21.33,21.3,21.3,21.39,21.62,21.71,21.7,21.77,21.75,21.73,21.7,21.76,21.97,22.16,22.35,22.16,22.23,22.29,22.25,22.42,22.35,22.36,22.31,22.42,22.5,22.48,22.45,22.5,22.52,22.52,22.71,22.75,22.9,22.93,22.94,22.96,23.02,23.08,23.2,23.25,23.28,23.39,23.41,23.44,23.48,23.65,23.62,23.64,23.59,23.68,23.65,23.75,23.78,23.88,23.89,23.85,23.82,23.89,23.98,23.99,24.2,24.02,24.13,24.21,24.1,24.14,24.26,24.26,24.34,24.33,24.39,24.48,24.6,24.79,24.75,24.82,24.94,25.05,25.3,25.19,25.36,25.4,25.44,25.75,25.69,25.9,26.01,26.16,26.21,26.43,26.45,26.72,26.82,26.85,27.09,27.22,27.32,27.66,27.8,27.89,28.4,28.16,28.58,28.65,28.85,29.57,29.73
24.86,52.01,49.52,47.57,45.38,44.21,42.42,40.78,39.2,37.96,36.49,34.81,33.35,31.98,30.19,28.43,27.7,26.36,25.32,25.03,25.22,25.09,25.51,25.47,25.06,24.94,25.19,24.96,24.69,24.33,24.03,23.76,23.97,23.55,23.26,23.01,22.68,22.43,22.34,22.3,21.84,21.9,21.77,21.29,21.14,21.16,21.1,20.63,20.59,20.68,20.59,20.54,20.63,20.56,20.83,21.04,20.92,20.93,21.14,21.27,21.43,21.7,21.68,21.85,21.99,22.24,22.57,22.9,23.09,23.28,23.54,23.79,24.16,24.52,24.82,25.11,25.3,25.67,25.96,26.2,26.52,26.76,26.92,27.21,27.56,27.61,27.78,28.24,28.46,28.58,28.89,29.27,29.22,29.28,29.64,29.96,29.93,30.05,30.34,30.5,30.52,30.56,30.87,31.06,31.08,31.03,31.29,31.58,31.59,31.63,31.76,31.98,32.15,32.16,32.22,32.61,32.75,32.79,32.84,33.02,33.28,33.4,33.42,33.48,33.69,33.98,34.07,33.96,34.18,34.46,34.62,34.66,34.71,34.81,35,35.25,35.32,35.38,35.54,35.77,35.89,35.92,36.05,36.26,36.39,36.47,36.47,36.56,36.75,36.87,36.92,36.93,36.95,36.95,37.1,37.27,37.26,37.24,37.23,37.29,37.41,37.53,37.59,37.6,37.57,37.64,37.78,37.91,37.94,37.94,37.95,38.03,38.07,38.12,38.23,38.32,38.28,38.35,38.36,38.37,38.46,38.51,38.51,38.49,38.38,38.32,38.32,38.47,38.43,38.43,38.48,38.45,38.38,38.41,38.38,38.44,38.52,38.64,38.52,38.58,38.61,38.55,38.59,38.64,38.72,38.78,38.87,38.93,39.12,39.07,39.17,39.39,39.47,39.58,39.7,39.75,39.82,39.91,40.13,40.21,40.29,40.52,40.73,40.79,41,41.13,41.28,41.56,41.67,41.79,42.04,42.12,42.2,42.2,41.99,41.94,42.1,42.19,42.27,42.29,42.63,42.77
28.11,49.69,48.37,46.05,43.9,43.24,41.05,38.76,38.12,36.73,35.5,33.71,32.07,31.54,29.31,27.64,26.59,25.21,24.69,24.73,24.12,24.59,24.61,24.57,24.5,24.19,24.25,24.05,23.7,23.89,23.21,22.98,23.31,22.67,22.53,22.35,22.12,22.04,21.87,21.8,21.2,21.03,20.83,20.54,20.27,20.12,19.88,19.93,19.82,19.58,19.65,19.52,19.69,19.52,19.34,19.43,19.55,19.62,19.51,19.43,19.61,19.77,19.71,19.77,19.82,20,20.04,20.37,20.48,20.48,20.74,20.89,21.05,21.18,21.36,21.48,21.53,21.84,22.03,22.13,22.25,22.49,22.43,22.51,22.81,23.02,22.89,23.13,23.43,23.53,23.57,23.8,23.93,23.86,23.92,24.1,24.22,24.24,24.31,24.48,24.61,24.61,24.55,24.79,24.94,24.9,24.88,25.1,25.25,25.3,25.19,25.37,25.57,25.64,25.6,25.56,25.76,25.96,25.96,25.93,26.05,26.28,26.4,26.38,26.35,26.45,26.62,26.76,26.75,26.83,27.01,27.17,27.28,27.32,27.33,27.4,27.61,27.67,27.7,27.76,27.86,28.01,28.02,28.03,28.09,28.21,28.28,28.34,28.45,28.6,28.64,28.69,28.7,28.63,28.69,28.74,28.78,28.86,28.84,28.85,28.83,28.89,28.98,29.02,29.07,29.21,29.17,29.17,29.25,29.34,29.39,29.41,29.41,29.42,29.5,29.55,29.65,29.66,29.79,29.75,29.72,29.78,29.76,29.77,29.83,29.86,29.79,29.73,29.76,29.8,29.8,29.83,29.89,29.84,29.8,29.81,29.76,29.82,29.82,29.93,29.99,29.97,29.95,30.01,29.98,30.13,30.21,30.32,30.45,30.53,30.5,30.51,30.59,30.76,30.79,30.88,31.08,31.03,31.22,31.37,31.36,31.52,31.66,31.8,31.99,32.19,32.34,32.4,32.52,32.72,32.77,32.89,33.09,33.17,33.28,33.29,33.44,33.58,33.59,33.75,34.11,34.24
32.8,49.14,47.52,45.5,43.52,42.38,40.15,38.53,36.9,35.4,34.29,32.5,30.98,29.25,27.6,25.82,24.85,23.44,22.68,22.28,22.05,22.07,22.04,21.84,21.67,20.87,21.25,20.67,20.37,20.48,19.93,19.61,19.75,19.18,19,18.55,17.81,17.92,17.63,17.27,16.82,16.81,16.69,16.13,16.13,15.92,15.28,14.92,14.82,14.76,14.67,14.69,14.67,14.57,14.83,14.68,14.42,14.56,14.78,14.57,14.71,14.64,14.55,14.72,14.96,14.93,15.17,15.33,15.24,15.44,15.59,15.68,15.67,15.86,16.12,16.15,16.3,16.7,16.89,17.13,17.43,17.52,17.68,17.9,18.25,18.27,18.38,18.64,18.8,18.8,19.02,19.31,19.35,19.42,19.52,19.74,19.82,19.89,20.04,20.19,20.22,20.31,20.45,20.66,20.66,20.66,20.86,21.01,21.1,21.07,21.14,21.34,21.44,21.48,21.49,21.72,21.9,21.93,21.94,22.05,22.32,22.43,22.42,22.41,22.52,22.69,22.73,22.71,22.89,23.08,23.25,23.29,23.21,23.3,23.39,23.52,23.64,23.66,23.73,23.86,23.96,23.94,23.91,24.07,24.17,24.22,24.3,24.38,24.55,24.63,24.63,24.66,24.64,24.64,24.69,24.73,24.74,24.76,24.73,24.72,24.77,24.75,24.85,24.85,24.86,24.88,24.94,25.07,25.09,25.07,25.01,25,25.02,25.14,25.2,25.16,25.24,25.16,25.19,25.26,25.29,25.42,25.39,25.36,25.32,25.36,25.38,25.42,25.43,25.49,25.56,25.55,25.5,25.46,25.55,25.6,25.57,25.63,25.62,25.69,25.73,25.61,25.72,25.72,25.75,25.76,25.81,25.83,25.92,25.99,26,26.07,26.23,26.45,26.45,26.47,26.53,26.58,26.88,27,27.01,27.24,27.39,27.28,27.44,27.54,27.68,27.85,27.93,28.08,28.26,28.51,28.67,28.8,28.92,28.94,29.13,29.38,29.47,29.58,30.04,30.2
33.21,47.95,46.26,44.35,42.14,41.73,40.19,38.3,37.3,35.42,34.54,32.79,31.31,30.92,27.96,26.6,26.67,24.68,24.08,24.27,24.06,24.5,24.84,24.23,24.56,24.43,24.39,24.43,23.97,24.18,24.21,23.61,23.98,23.23,23.48,23.6,23.34,22.75,22.76,22.56,22.17,22.08,21.83,21.28,21.46,21.1,20.94,20.99,20.72,20.7,20.69,20.45,20.23,20.45,20.33,20.15,20.14,20.1,20.29,20.11,19.99,20.17,20.11,20.19,20.26,20.31,20.26,20.38,20.51,20.43,20.61,20.67,20.54,20.69,20.8,20.76,20.77,20.95,20.96,20.92,21.06,21.32,21.22,21.26,21.47,21.53,21.46,21.54,21.7,21.72,21.61,21.84,22.04,21.89,21.87,22.02,22.21,22.13,22.1,22.26,22.4,22.32,22.2,22.31,22.52,22.49,22.33,22.43,22.52,22.63,22.48,22.43,22.67,22.78,22.7,22.59,22.7,22.91,22.98,22.84,22.89,23.01,23.16,23.19,23.11,22.99,23.11,23.39,23.44,23.29,23.3,23.44,23.66,23.65,23.64,23.58,23.69,23.78,23.79,23.83,23.88,23.96,23.93,23.89,23.91,23.91,23.98,24.12,24.21,24.29,24.22,24.28,24.32,24.32,24.34,24.32,24.33,24.36,24.43,24.5,24.52,24.47,24.53,24.59,24.64,24.71,24.73,24.75,24.78,24.77,24.83,24.88,24.93,24.93,24.99,25.01,25.01,25.11,25.14,25.19,25.18,25.21,25.18,25.12,25.26,25.25,25.29,25.3,25.26,25.28,25.25,25.29,25.45,25.44,25.5,25.53,25.47,25.57,25.67,25.64,25.74,25.74,25.79,25.78,25.8,25.86,25.92,25.94,26.07,26.12,26.2,26.21,26.27,26.34,26.31,26.4,26.45,26.5,26.67,26.85,26.78,26.86,26.9,27.06,27.08,27.17,27.39,27.29,27.49,27.67,27.76,27.8,27.83,28.2,28.04,28.16,28.27,28.46,28.45,28.82,28.87,29.03
